NestID,EggLetter,YEAR.x,TYPE,FEMID,MALEID,CLTCHSIZ,SAMDOY,INCSTAGE,LAYDOY,AGEATSAM,ESTORD,KNOWNORD,MASS,LENGTH,WIDTH,VOLUME,YOLKMAS,ALBMAS,SHELMAS,MEANSTR,KIT,NOTESLP,NOTESPE,SampleID,Carot_conc_ugml,Carot_ug_g,yolkmass,Carot_ug_yolk,T_concentration,Yolk_sample_mass,Tng_yolkg,Yolk_mass,YolkTug,FDOY,AGE,ECTO,BMASS,TARSUS,CONDIT,MEANYAS,r.achieved.fem,fem.scaled.mass,lum.egg.s,h.phi.egg.s,r.vec.egg.s,ECTO.s,THICKNESS
SF01,C,2009,EXP,886,,4,122,0.5,122,0,3,3,6.08,2.9735,2.115,6.703771807,1.207,3.69,0.391,,LP,clean,,SF01_3_N,2.973,59.459,1.207,71.768,3.06,0.49,4.50114,1.207,5.43287598,125,5,20,86.28,38.6,0.51042067,4.5,0.829491166,84.92604957,-0.764966008,0.845777126,0.57090966,3.044522438,0.07
PE58,A,2008,CONT,617,661,3,162,3,158,4,2,,6.26,2.954,2.17,7.010685662,,,,,PE,,,,,,,,,,,,,130,1,2,91.5,39.4,1.05664511,4.5,0.866377028,86.62134799,0.565190178,-0.333912279,-0.390897446,1.098612289,0.08
AE03,D,2008,,,,4,122,3,117,5,1,,5.56,2.755,1.9935,5.518037145,4.711,,0.556,177.67,PE,too advanced for separation at all/ yolk weight = combined weight alb/yolk/embryo,NEED DNA,,,,,,,,,,,,,,,,,,,,0.224349352,0.062896113,0.284539025,,0.09
AE07,B,2008,EXP,645,,4,138,1,136.5,1.5,2.5,,6.43,2.851,2.1675,6.750655818,1.596,3.951,0.588,212,PE,,,AE07_B_N,3.068,58.43,1.596,93.254,6.14,0.51,9.38655,1.596,14.9809338,143,5,0,87.8,40.4,2.23652434,3.5,0.842627893,79.25315999,0.272140731,-0.287131151,-0.007824285,0,0.09
DA03,A,2009,EXP,882,,4,119,0.5,119,0,1.5,,5.6,2.961,2.112,6.656666075,1.011,3.174,0.674,,LP,clean,,DA03_1A_N,3.311,66.216,1.011,66.945,,,,,,121,5,1,85.71,37.7,-0.3618682,3,0.83504579,88.23270524,-0.579190513,0.399174439,0.624214764,0.693147181,0.09
EM22,A,2009,STD,,,4,124,0.5,122,2,1,1,5.63,2.9595,2.1375,6.814925736,1.106,3.639,0.484,,LP,,,,,,,,,,,,,,,,,,,,,,-0.225083885,-0.750788634,-0.854021304,,0.09
FC18,B,2008,EXP,602,700,4,147,3,143,4,1,,6.81,3.048,2.1895,7.364366575,2.656,2.691,0.714,141.33,PE,"cracked - advanced stage (2-3), trace alb in yolk, trace yolk in alb, beginnings of embryo present in yolk",frozen then thawed,FC18_1B_N,4.446,88.919,2.656,236.169,,,,,,119,6,0,83.8,39,1.03098837,5,,80.88498896,0.161092871,-0.17178577,-0.033016785,0,0.09
HX03,A,2008,EXP,18895,,4,133,0.5,129,4,3,,6.28,3.043,2.1795,7.285279791,1.207,4.128,0.515,174,LP,beautiful,,HX03_A_N,4.649,88.546,1.207,106.875,2.22,0.5,3.336,1.207,4.026552,133,6,2,79.2,37.9,0.15462201,5,0.85412251,80.71557556,-0.699029786,0.685451272,1.285583968,1.098612289,0.09
HX03,C,2008,EXP,18895,,4,133,0.75,129,4,4,,6.4,3.106,2.1025,6.919966576,1.202,4.493,0.499,161,LP,beautiful,,HX03_C_N,4.946,94.208,1.202,113.239,2.46,0.5,3.6885,1.202,4.433577,133,6,2,79.2,37.9,0.15462201,5,0.85412251,80.71557556,-0.675403908,0.791522248,1.27817014,1.098612289,0.09
LP28,B,2008,EXP,49266,,4,146,2,141,5,1,,6.52,2.837,2.205,6.951956722,1.222,3.758,0.505,176,LP,"stage = 1.25, yolk clean, trace yolk in alb",,LP28_B_N,3.014,60.27,1.26,75.941,1.75,0.52,2.73624,1.26,3.4476624,120,6,1,93.9,37.5,-0.9600333,2.5,0.845457051,97.64563834,-0.471798905,0.142344749,0.091136324,0.693147181,0.09
LP28,D,2008,EXP,49266,,4,146,1.5,142,4,2,,6.27,2.753,2.1515,6.422726794,1.199,3.737,0.616,194,LP,"stage = 1.5, trace alb in yolk, separation ok",,LP28_D_N,2.541,50.811,1.201,61.024,0.99,0.49,1.4553,1.201,1.7478153,120,6,1,93.9,37.5,-0.9600333,2.5,0.845457051,97.64563834,-0.329594397,-0.31827241,-0.372876369,0.693147181,0.09
LR11,C,2009,STD,,,4,117,0.5,116,1,3,3,6.51,3.1105,2.2005,7.591078594,1.483,4.192,0.473,,LP,clean,,LR11_3_N,3,60,1.483,88.98,5.93,0.5,8.8905,1.483,13.1846115,,,,,,,,,,-0.701156012,0.176855979,-0.050317357,,0.09
LR23,D,2009,EXP,893,,4,129,0.5,129,0,4,4,5.99,2.756,2.1815,6.610285,1.749,2.675,0.72,,LP,clean. Yolk hard,,LR23_4_N,2.324,46.486,1.749,81.305,,,,,,134,6,2,89.2,36.9,-1.3315381,4,0.847052623,95.64481335,-0.38168729,-0.277642068,0.204157508,1.098612289,0.09
LR28,A,2009,EXP,891,,4,133,0.5,130,3,1,1,6.24,2.904,2.0085,5.90433269,,,,,LP,No NA in yolk mass column?,,LR28_1_N,2.608,49.678,,,,,,,,133,6,15,88,36.9,-1.2731989,5,0.823282949,94.35811182,-0.686867659,0.300443153,0.183245112,2.772588722,0.09
LR28,D,2009,EXP,891,,4,133,0.5,133,0,4,4,6.55,2.9175,2.0885,6.413725377,,,,,LP,No NA in yolk mass column?,,LR28_4_N,2.351,44.788,,,,,,,,133,6,15,88,36.9,-1.2731989,5,0.823282949,94.35811182,-0.485495325,0.832665043,-0.103255485,2.772588722,0.09
LR31,D,2009,EXP,49278,,4,133,0.5,133,0,4,4,7.03,3.0205,2.1215,6.851654398,1.365,4.365,0.737,,LP,CLEAN,,LR31_4_N,3.23,64.595,1.365,88.172,,,,,,,,,,,,,,,-0.347662647,0.382275252,-0.452398147,,0.09
MC02,C,2008,EXP1,49287,,4,129,1,126.5,2.5,3.5,,6.7,2.98,2.159,7.00087116,0.939,3.188,0.049,,LP,"C is cracked and mold inside egg - managed to get small yolk sample, med. albumen sample and tiny shell",cracked and mold,MC02_C_N,2.77,52.767,,,3.86,0.5,5.7825,,,135,6,0,90.5,38.6,0.30526112,4.5,0.866312118,89.07982714,-0.090733579,0.122130213,-0.153377579,0,0.09
PE08,A,2008,STD,,,3,117,0.75,113.5,3.5,1.5,,6.47,3.0685,2.077,6.671594733,1.846,3.53,0.638,165.67,PE,,one predated,,,,,,,,,,,,,,,,,,,,0.661527905,-0.106159223,-0.712945524,,0.09
PE08,B,2008,STD,,,3,117,0.75,113.5,3.5,1.5,,6.61,3.0275,2.107,6.773977651,1.668,3.868,0.631,170.33,PE,,,,,,,,,,,,,,,,,,,,,,0.895735311,-0.085394188,-0.499982635,,0.09
PE27,B,2008,EXP,634,,4,130,1,123,7,1.5,,6.37,3.053,2.131,6.987538925,1.119,2.159,,188,PE,not whole samples,,PE27_B_N,2.527,50.541,1.119,,4.1,0.51,6.26535,,,,,,,,,,,,0.651487973,-0.723533937,-0.497365667,,0.09
PE51,A,2008,,,,3,162,2,159,3,3,,7.11,2.97,2.1685,7.038916911,,,0.652,172.5,PE,addled,,,,,,,,,,,,,,,,,,,,,0.116389799,-0.128603084,-0.168928084,,0.09
SF01,B,2009,EXP,886,,4,122,0.5,122,0,1.5,,6.23,3.0965,2.0945,6.846401278,1.255,3.85,0.532,,LP,clean,,SF01_1B_N,3.905,78.108,1.255,98.026,1.81,0.5,2.709,1.255,3.399795,125,5,20,86.28,38.6,0.51042067,4.5,0.829491166,84.92604957,-0.769813293,0.656383433,0.03345746,3.044522438,0.09
SR03,D,2009,EXP,878,,5,114,0.5,114,0,4,4,6.85,2.8065,2.232,6.693375546,1.111,4.845,0.618,,LP,clean,,SR03_4_A,5,95.238,1.111,105.81,,,,,,115,6,0,102.27,39.5,0.6330507,4,0.838872643,96.35193471,-0.346699661,0.174659361,-0.170000063,0,0.09
SU17,B,2008,EXP,802,,4,143,1.25,139.5,3.5,3,,6.09,2.809,2.15,6.54423966,1.182,3.961,0.484,197.67,LP,b is less developed than c or d. stage 1,,SU17_B_N,5.392,107.838,1.303,140.459,,,,,,143,5,10,92.7,40.7,2.2983059,3,0.840972243,82.50818276,-0.412769234,0.180741182,-0.00186039,2.397895273,0.09
AE03,A,2008,,,,4,122,1.5,120,2,4,,5.82,2.896,2.0455,6.107001992,1.256,3.323,0.813,214,PE,clean separation,NEED DNA,,,,,,,,,,,,,,,,,,,,0.218214591,-0.161674045,0.020165396,,0.1
AE03,B,2008,,,,4,122,2.5,118,4,2,,5.86,2.876,2.014,5.879472327,1.636,2.759,0.659,165,PE,too advanced for accurate separation/ comparison  Use for DNA/ sex?,NEED DNA,,,,,,,,,,,,,,,,,,,,0.011344281,0.762106968,1.018563998,,0.1
AE04,A,2008,CONT,638,637,4,125,3,121,4,1.5,,5.87,3.0465,1.952,5.850477933,2.244,2.23,0.828,175.75,PE,too advanced for clean separation,A cracked not frozen,,,,,,,,,,,137,1,0,80.8,37.7,-0.1231636,2.5,0.837337108,83.17818905,0.273633187,0.108935584,-0.022632693,0,0.1
AE04,D,2008,CONT,638,637,4,125,2,123,2,3,,6.01,3.014,1.992,6.027711428,1.715,3.075,0.605,157.5,PE,"too advanced for clean separation, but better than A/B",A cracked not frozen,,,,,,,,,,,137,1,0,80.8,37.7,-0.1231636,2.5,0.837337108,83.17818905,-0.124956176,0.134284626,0.221619009,0,0.1
AE07,D,2008,EXP,645,,4,138,0,138,0,4,4,7.1,2.9815,2.1995,7.269646328,1.61,4.322,0.701,223.5,PE,,,AE07_D_N,4.297,85.946,1.61,138.373,8.59,0.5,12.891,1.61,20.75451,143,5,0,87.8,40.4,2.23652434,3.5,0.842627893,79.25315999,0.022452866,0.385303567,0.35674057,0,0.1
AE09C,C,2008,EXP,629,731,4,157,0,156,1,3,3,6.55,3.0505,2.1275,6.958901724,1.299,3.826,0.78,,PE,clean separation - some alb maybe lost through crack,,AE09C_3_N,1.797,34.234,1.299,44.47,8.25,0.51,12.61485,1.299,16.38669015,135,1,0,77.5,36.7,-0.9627308,2.5,0.867903285,83.96201366,0.351620817,-0.355874859,-0.232831541,0,0.1
AE09C,D,2008,EXP,629,731,4,157,,157,0,4,4,6.4,3.0445,2.063,6.530478001,1.297,3.784,0.744,169,PE,clean separation - some alb maybe lost through crack,,AE09C_4_N,3.014,60.27,1.297,78.171,7.01,0.51,10.72071,1.297,13.90476087,135,1,0,77.5,36.7,-0.9627308,2.5,0.867903285,83.96201366,1.000160561,0.116401064,-0.811707203,0,0.1
DA03,B,2009,EXP,882,,4,119,0.5,119,0,1.5,,5.02,2.8665,1.992,5.73272555,1.011,3.314,0.492,,LP,clean - missing a tiny trace of yolk though_(stuk to kimwipe) alb all - shell all_ calcluate up?,,DA03_1B_N,3.405,64.865,0.931,60.389,,,,,,121,5,1,85.71,37.7,-0.3618682,3,0.83504579,88.23270524,-0.553905283,0.170041231,0.351561769,0.693147181,0.1
DA03,C,2009,EXP,882,,4,119,0.5,118,1,3.5,,5.99,2.998,2.058,6.399601121,1.102,3.875,0.559,,LP,clean,,DA03_2A_A,3.595,71.892,1.102,79.225,,,,,,121,5,1,85.71,37.7,-0.3618682,3,0.83504579,88.23270524,-0.319340374,0.128139952,0.238532581,0.693147181,0.1
EM09,B,2009,EXP,885,,3,118,0.5,118,0,2,2,6.71,2.9875,2.1255,6.802376551,1.217,4.205,0.6,,LP,clean -  trace yolk on kim wipe,,EM09_2_N,3.986,79.73,1.22,97.27,13.81,0.51,21.12777,1.22,25.7758794,124,5,0,79.5,37.8,0.04003721,5,0.829193834,81.42905116,-0.526285804,0.065525846,0.254073895,0,0.1
EM22,B,2009,STD,,,4,124,0.5,123,1,2,2,5.93,3.0435,2.085,6.668312761,1.259,3.813,0.556,,LP,,,EM22_2_N,2.446,46.589,1.259,58.656,,,,,,,,,,,,,,,-0.440753941,0.056855443,-0.0533757,,0.1
EM22,D,2009,STD,,,4,125,0.5,125,0,4,4,5.46,3.0355,2.0375,6.351203211,1.126,3.455,0.501,,LP,,,,,,,,,,,,,,,,,,,,,,-0.170613398,0.148921792,-0.341932303,,0.1
HX03,B,2008,EXP,18895,,4,133,1,129,4,2,,6.36,2.9735,2.1785,7.112357986,1.192,4.363,0.491,187.25,LP,beautiful,,HX03_B_N,4.973,94.723,1.192,112.91,2.67,0.5,4.005,1.192,4.77396,133,6,2,79.2,37.9,0.15462201,5,0.85412251,80.71557556,-0.377180548,0.621511666,0.673100102,1.098612289,0.1
LP19,A,2008,EXP,643,,4,141,2.5,137.5,3.5,1,1,5.98,2.7265,2.06,5.831368402,1.589,3.017,0.617,227.67,PE,"stage = 2, addled - alb in yolk, yolk in alb",,,,,,,,,,,,141,6,0,95.8,38,-0.5524037,4,0.841380518,97.14564605,0.055083277,-0.360643862,-0.16308467,0,0.1
LP19,D,2008,EXP,643,,4,141,0.5,139.5,1.5,4,,6.61,2.8065,2.15,6.53841531,1.43,4.409,0.539,233.33,PE,stage = 1,,LP19_D_N,3.973,75.676,1.43,108.216,16,0.5,24.006,1.43,34.32858,141,6,0,95.8,38,-0.5524037,4,0.841380518,97.14564605,-0.349157765,0.236780316,0.10986229,0,0.1
LP28,A,2008,EXP,49266,,4,146,1,143,3,3,,6.6,2.83,2.2385,7.147121571,1.29,3.78,0.47,,LP,"cracked and separated in field. Alb might be off, but otherwise good.",,LP28_A_N,4.919,93.694,1.29,120.865,3.09,0.48,4.45392,1.29,5.7455568,120,6,1,93.9,37.5,-0.9600333,2.5,0.845457051,97.64563834,-0.464552932,0.046740859,-0.13777909,0.693147181,0.1
LR06,D,2009,EXP,880,,4,114,0.5,114,0,4,4,6.97,3.201,2.222,7.965340026,1.261,4.577,0.552,,LP,clean,,LR06_4_N,2.851,51.843,1.261,65.374,4.8,0.5,7.197,1.261,9.075417,115,6,0,94.4,37.8,-0.6843413,3,0.833599344,96.6905966,-0.252715433,-0.149784251,0.043449702,0,0.1
LR07,B,2009,STD,,,4,112,0.5,111,1,2,2,6.64,2.989,2.258,7.680762329,1.333,4.307,0.643,,LP,clean,,LR07_2_N,4.203,84.054,1.333,112.044,,,,,,,,,,,,,,,0.078457857,-0.170004831,-0.309862472,,0.1
LR07,C,2009,STD,,,4,112,0.5,112,0,3,3,6.64,2.9735,2.2,7.25343696,1.318,4.494,0.624,,LP,clean,,LR07_3_N,4.351,82.883,1.318,109.24,,,,,,,,,,,,,,,0.212939328,-0.553912359,-0.415083841,,0.1
LR11,B,2009,STD,,,4,117,0.5,115,2,2,2,6.43,3.0975,2.1485,7.20630381,1.385,4.1,0.618,,LP,clean,,LR11_2_N,2.784,55.676,1.385,77.111,4.16,0.5,6.2445,1.385,8.6486325,,,,,,,,,,-0.608819286,0.24757502,-0.373265247,,0.1
LR23,A,2009,EXP,893,,4,129,0.5,127,2,1,1,5.09,2.554,2.073,5.531590646,1.266,1.076,0.526,,LP,clean.  Might have lost a bit of both yolk and alb,,LR23_1_N,4.257,81.081,1.266,102.649,,,,,,134,6,2,89.2,36.9,-1.3315381,4,0.847052623,95.64481335,-0.492490464,-0.076633194,0.18031956,1.098612289,0.1
LR28,B,2009,EXP,891,,4,133,0.5,131,2,2,2,6.8,2.933,2.087,6.438541474,1.603,2.561,0.85,,LP,"GOOD. Lost alb though. all bit frozen/""hard""",,LR28_2_N,1.878,37.568,1.603,60.221,,,,,,133,6,15,88,36.9,-1.2731989,5,0.823282949,94.35811182,-0.627468144,0.504467972,0.129923843,2.772588722,0.1
LR31,A,2009,EXP,49278,,4,133,0.5,131,2,1,1,7.12,2.9565,2.1575,6.936015078,1.816,1.978,0.962,,LP,TRACE ALB IN YOLK.,,LR31_1_N,2.176,43.514,1.7,73.973,,,,,,,,,,,,,,,-0.535339754,-0.193297902,-0.015401224,,0.1
LR31,C,2009,EXP,49278,,4,133,0.5,133,0,3,3,7.12,3.1035,2.1375,7.146518676,1.451,4.46,0.644,,LP,CLEAN,,LR31_3_N,3.23,61.519,1.451,89.264,,,,,,,,,,,,,,,-0.49395129,0.086537946,-0.368117205,,0.1
MC02,A,2008,EXP1,49287,,4,129,1,126.5,2.5,3.5,,7.1,3.053,2.23,7.651860905,1.262,4.983,0.607,170.25,LP,separation = “doesn’t get much better than that”!,,MC02_A_N,3.811,72.587,1.262,91.605,6.48,0.55,10.69695,1.262,13.4995509,135,6,0,90.5,38.6,0.30526112,4.5,0.866312118,89.07982714,-0.478049266,0.809545277,0.931712702,0,0.1
MC02,D,2008,EXP1,49287,,4,129,1.25,126.5,2.5,1.5,,6.99,2.99,2.273,7.782327599,1.317,4.666,0.517,196.33,LP,"stage looks like 1.5 after separation, def not 2 but slightly more advanced than others",226?,MC02_D_N,2.797,53.282,1.317,70.172,3.13,0.49,4.59522,1.317,6.05190474,135,6,0,90.5,38.6,0.30526112,4.5,0.866312118,89.07982714,-0.486120628,0.586753614,0.680900755,0,0.1
PE16,D,2008,EXP,49273,,4,124,0,123,1,4,4,6.78,3.268,2.2355,8.231176849,1.241,3.021,0.718,189.33,LP,confirm identity of 2A vs 2B in pics/notes....not labelled on eggs... 2 (without a dot) is cracked and moldy,,PE16_4_N,2.392,47.838,1.241,59.367,6.54,0.5,9.816,1.241,12.181656,124,6,0,89.7,36.8,-1.4558461,4.5,0.831066769,96.67813254,-0.450077775,1.260740243,1.373332388,0,0.1
PE21,A,2008,CONT,606,,4,123,3,119.5,3.5,1.5,,5.82,2.806,2.009,5.707922616,,,,,PE,,,,,,,,,,,,,123,1,2,95.8,40.3,1.74759628,3,0.834318344,86.88255555,-0.152688443,0.510982489,0.355590976,1.098612289,0.1
PE24,C,2008,STD,,,4,124,1.5,120.5,3.5,1.5,,6.31,2.0655,2.0655,6.291724745,2.858,1.612,0.723,185.67,PE,"alb and yolk mixed, trace of yolk on shell",,,,,,,,,,,,,,,,,,,,,0.695671423,-0.676472313,-0.503878646,,0.1
PE27,C,2008,EXP,634,,4,130,0.75,123,7,3.5,,6.24,2.974,2.0805,6.487941733,1.149,3.912,0.669,185.67,PE,stage = 1,,PE27_C_N,4.095,77.992,1.149,89.613,5.68,0.5,8.52,,,,,,,,,,,,0.469720823,-0.54357298,-0.131491864,,0.1
PE31,A,2008,CONT,634,,4,136,1.75,133,3,4,,5.88,2.7555,2.042,5.79085149,,,,,PE,,,,,,,,,,,,,135,6,0,81.7,38.1,0.23308199,3,0.838281697,82.43492897,0.072057605,-0.252534401,-0.078358126,0,0.1
PE31,C,2008,CONT,634,,4,136,3,132,4,3,,5.91,2.789,2.069,6.017277384,,,,,PE,,,,,,,,,,,,,135,6,0,81.7,38.1,0.23308199,3,0.838281697,82.43492897,0.730122247,-0.35943007,-0.341698207,0,0.1
PE32,A,2008,EXP,633,,4,135,1,133,2,3,,7.73,3.0435,2.275,7.939015403,1.433,5.017,0.697,170.25,PE,,,PE32_A_N,3.581,68.211,1.433,97.746,7.38,0.5,11.0625,1.433,15.8525625,135,1,2,91,38.2,-0.1190469,4,0.849205086,91.36243546,-0.478583537,0.73887992,1.051390903,1.098612289,0.1
PE32,C,2008,EXP,633,,4,135,1.75,132,3,2,,7.87,3.275,2.2945,8.689963751,1.864,5.27,0.588,187.75,PE,too advanced for clean separation,,PE32_C_N,3.365,64.093,,,,,,,,135,1,2,91,38.2,-0.1190469,4,0.849205086,91.36243546,-0.199489868,0.173927767,0.522983042,1.098612289,0.1
PE45,A,2008,CONT,607,,3,146,2,142,4,3,,6.63,2.749,2.1915,6.654083192,,,,,PE,addled,,,,,,,,,,,,124,1,0,98.2,38.1,-0.5690821,5,0.847410762,99.08335403,-0.242813662,0.577321639,0.421832754,0,0.1
PE46,A,2008,CONT,663,,4,146,1,144.5,1.5,3.5,,6.41,2.947,2.044,6.205438206,,,,,PE,addled,,,,,,,,,,,,150,5,10,86.7,38.5,0.39000195,1,0.832279683,85.7611067,-0.211988038,0.641905611,0.613313061,2.397895273,0.1
PE53,C,2008,CONT,635,660,3,159,1,155.5,3.5,3,3,6.12,2.8425,2.054,6.04410344,,,,,PE,,,,,,,,,,,,,136,1,0,83.7,36.9,-1.06415,3.5,0.84166793,89.74743136,-0.304223684,0.42776322,0.706702959,0,0.1
PE54,D,2008,CONT,680,,4,159,3.5,155.5,3.5,1,,6.58,2.997,2.057,6.39125084,,,0.763,173,PE,addled,,,,,,,,,,,,160,6,0,86,38.1,0.02403316,3.5,0.827632279,86.77360944,0.36979189,-0.464551961,-0.155341875,0,0.1
PE58,C,2008,CONT,617,661,3,162,2,159,3,3,,5.6,2.4875,2.0015,5.022325021,,,,,PE,,,,,,,,,,,,,130,1,2,91.5,39.4,1.05664511,4.5,0.866377028,86.62134799,0.524074802,-0.321309827,-0.355178016,1.098612289,0.1
SF01,A,2009,EXP,886,,4,122,0.5,122,0,1.5,,5.92,3.018,2.135,6.933388417,1.2,3.86,0.58,,LP,clean,,SF01_1A_N,3.784,75.676,1.2,90.811,8.64,0.49,12.70668,1.2,15.248016,125,5,20,86.28,38.6,0.51042067,4.5,0.829491166,84.92604957,-0.971831838,0.218895182,-0.125362208,3.044522438,0.1
SF01,D,2009,EXP,886,,4,123,0.5,123,0,4,4,5.1,2.858,2.057,6.09482646,0.945,3.066,0.518,,LP,clean,,SF01_4_N,3.473,69.459,0.945,65.639,3.51,0.48,5.0472,0.945,4.769604,125,5,20,86.28,38.6,0.51042067,4.5,0.829491166,84.92604957,-0.638990187,0.696841676,0.188173776,3.044522438,0.1
SR01,A,2009,EXP,879,,4,112,0.5,112,0,2.5,,5.97,2.8275,2.043,5.507407089,1.097,3.863,0.516,,LP,clean,,SR01_1A_A,3.514,63.882,1.097,70.079,4.39,0.51,6.72282,1.097,7.37493354,115,6,1,86.6,37.5,-0.6051364,4,0.832762979,90.05444388,-0.639295934,0.552375609,0.514183226,0.693147181,0.1
SR01,B,2009,EXP,879,,4,112,0.5,112,0,2.5,,5.43,2.7705,1.986,5.747006124,1.214,3.184,0.481,,LP,clean but yolk broke,,SR01_B_N,6.784,135.676,1.214,164.71,5.8,0.52,9.0402,1.214,10.9748028,115,6,1,86.6,37.5,-0.6051364,4,0.832762979,90.05444388,-0.741072297,0.309461147,0.26291851,0.693147181,0.1
SR03,B,2009,EXP,878,,5,113,0.5,113,0,2,2,6.88,2.837,2.247,6.997698147,1.186,4.866,0.577,,LP,clean,,SR03_2_N,4.216,76.658,1.186,90.917,,,,,,115,6,0,102.27,39.5,0.6330507,4,0.838872643,96.35193471,-0.509978361,0.123567781,0.086803046,0,0.1
SU02,A,2008,EXP,49272,,4,123,0.5,119.5,3.5,2,,6.31,3.0235,2.0475,6.388344533,1.52,3.613,0.598,183.75,LP,,,SU02_A_N,3.135,59.717,1.52,90.77,3.87,0.52,6.04188,1.52,9.1836576,123,6,0,85.9,39,0.92889476,3.5,0.831500311,82.91193976,-0.154879222,0.54653837,0.31495611,0,0.1
SU02,C,2008,EXP,49272,,4,123,0.25,121,2,3.5,3,6.28,2.975,2.0565,6.34125086,1.464,3.554,0.656,206.67,LP,,,SU02_3_N,2.662,50.708,1.464,74.236,2.36,0.5,3.534,1.464,5.173776,123,6,0,85.9,39,0.92889476,3.5,0.831500311,82.91193976,-0.139860897,0.655191458,0.452122056,0,0.1
SU02,D,2008,EXP,49272,,4,123,0,122,1,3.5,4,6.26,2.997,2.0905,6.60111993,1.329,3.921,0.619,191.25,LP,,,SU02_4_N,2.243,44.865,1.329,59.625,3.08,0.49,4.52025,1.329,6.00741225,123,6,0,85.9,39,0.92889476,3.5,0.831500311,82.91193976,-0.358869424,1.286594821,0.702283194,0,0.1
SU13,B,2008,EXP,625,,3,134,1.25,130.5,3.5,1,1,6.2,2.7315,2.0805,6.038969252,1.178,3.839,0.766,227.33,PE,"yolk pure sample, but alb has traces of yolk in it.... advanced...stage 1.5",,SU13_B_N,2.419,48.378,,,2.46,0.5,3.693,,,134,6,0,82.8,35.7,-2.2203956,5,0.86818637,94.53821357,0.53452019,-0.379757894,-0.096373427,0,0.1
SU17,A,2008,EXP,802,,4,143,0.5,141.5,1.5,4,4,5.9,2.7475,2.166,6.496585255,1.423,3.809,0.518,190,LP,,,,,,,,,,,,,143,5,10,92.7,40.7,2.2983059,3,0.840972243,82.50818276,-0.366107785,0.369688086,0.133606309,2.397895273,0.1
SU18,B,2008,EXP,644,,4,138,0.25,134.5,3.5,4,,6.08,2.8165,2.223,7.014863383,1.2,3.582,0.566,196.25,LP,b was the least advanced,220,SU18_B_N,4.257,85.135,1.2,102.162,14.71,0.49,21.62811,1.2,25.953732,142,6,0,80.8,36.9,-0.9231636,5.5,0.856582107,86.63790268,-0.640158187,0.532298138,0.253721477,0,0.1
SU18,C,2008,EXP,644,,4,138,0.5,134.5,3.5,2.5,,6.28,2.786,2.2105,6.86108322,1.293,3.591,0.662,190.5,LP,c looked more advanced than b,CRACKED AND NOT FORZEN,SU18_C_N,3.432,65.38,1.293,84.536,8.72,0.51,13.33395,1.293,17.24079735,142,6,0,80.8,36.9,-0.9231636,5.5,0.856582107,86.63790268,-0.836338756,0.743232857,0.711700719,0,0.1
SU23,A,2008,EXP,678,712,4,155,1,153.5,1.5,1.5,,7.36,2.9135,2.189,7.036182283,1.582,4.759,0.623,185,PE,cracked - lost tiny bit of alb - radioactive material on outside of egg,,SU23_1A_N,4.203,80.051,1.451,116.155,3.27,0.49,4.81131,1.451,6.98121081,155,1,0,99.5,39.7,0.96771705,4,0.829679966,92.84698022,0.835194279,-0.524899787,-0.656581991,0,0.1
SU23,B,2008,EXP,678,712,4,155,0,155,0,3,,7.09,2.851,2.198,6.941976352,1.451,3.935,0.699,,PE,,,SU23_1B_N,2.946,58.919,1.561,91.972,2.77,0.5,4.161,1.561,6.495321,155,1,0,99.5,39.7,0.96771705,4,0.829679966,92.84698022,0.94405708,-0.483501066,-0.798710259,0,0.1
AE03,C,2008,,,,4,122,2,119,3,3,,5.96,2.91,2.02,5.984477856,1.299,3.501,0.725,195.25,PE,separation not clean - might be a bit too old for analysis....??.. might be ok,NEED DNA,,,,,,,,,,,,,,,,,,,,0.33246155,-0.0603575,0.173171648,,0.11
AE13,D,2008,EXP,636,615,4,150,0.5,148,2,4,4,6.56,2.8235,2.137,6.498713225,1.455,4.245,0.523,243,PE,stage = 0,,AE13_4_N,3.797,75.946,1.455,110.501,3.86,0.51,5.91039,1.474,8.71191486,137,1,0,100.7,37.3,-1.4906222,6,0.840307804,105.7862825,0.484676356,-0.092118431,-0.5007176,0,0.11
EM04,C,2009,EXP,883,,4,112,0.5,112,0,3.5,,5.01,2.77,2.113,6.233174706,1.09,3.71,0.51,,LP,clean,,EM04_C_N,5.324,106.486,1.09,116.07,,,,,,121,6,0,82.3,38.7,0.80391239,5,,80.61125211,-0.006567525,-0.788221804,-0.229180718,0,0.11
EM09,A,2009,EXP,885,,3,118,0.5,118,0,1,1,6.54,2.7535,2.2785,7.204663194,1.154,4.347,0.571,,LP,clean,,EM09_1_N,5.108,102.162,1.154,117.895,6.67,0.5,10.005,1.154,11.54577,124,5,0,79.5,37.8,0.04003721,5,0.829193834,81.42905116,-0.546093383,0.214479404,0.308212853,0,0.11
EM22,C,2009,STD,,,4,124,0.5,124,0,3,3,5.94,3.0855,2.0655,6.634473837,1.292,1.722,0.577,,LP,,,EM22_3_N,1.122,21.364,1.292,27.603,,,,,,,,,,,,,,,-0.27208075,0.039212648,-0.390804867,,0.11
EM26,A,2009,EXP,895,,3,142,1.25,135,7,1,1,6.59,3.1295,2.0605,6.696544051,1.336,4.697,0.519,,LP,perfect,,EM26_1_N,5.392,107.838,1.289,139.003,,,,,,139,6,0,93.6,39.2,0.7545515,4.5,0.839425529,89.47031919,-0.710847954,0.625049387,0.587163106,0,0.11
EM26,B,2009,EXP,895,,3,142,0.5,136,6,2,2,7.06,3.1055,2.14,7.167861691,1.454,,0.595,,LP,"lost alb, but clean - all shell present",,EM26_2_N,4.554,91.081,1.336,121.684,,,,,,139,6,0,93.6,39.2,0.7545515,4.5,0.839425529,89.47031919,-0.432962903,0.199283643,0.230825185,0,0.11
FC15,B,2008,STD,,,3,151,1.5,148,3,2,,6.39,2.9415,2.1105,6.603437963,1.735,3.186,0.63,231,PE,,,FC15_B_N,2.378,52.853,1.735,91.7,,,,,,,,,,,,,,,0.376523742,-0.006452129,-0.132529705,,0.11
FC15,C,2008,STD,,,3,151,1,149,2,3,,6.41,2.945,2.1105,6.61129519,1.4,3.556,0.801,221,PE,,,,,,,,,,,,,,,,,,,,,,0.665235539,-0.137986414,-0.46954744,,0.11
FC16,B,2008,CONT,668,,3,153,4,148,5,2,,6.83,2.9205,2.128,6.665473318,,,,,PE,,,,,,,,,,,,,153,1,0,82.6,37.4,-0.5106724,4.5,0.828048953,86.33177465,0.632726125,-0.266017087,-0.098283761,0,0.11
FC16,C,2008,CONT,668,,3,153,2.5,149,4,3,,6.55,2.7905,2.1065,6.240731389,,,,,PE,,,,,,,,,,,,,153,1,0,82.6,37.4,-0.5106724,4.5,0.828048953,86.33177465,0.417953097,0.064327944,0.103647699,0,0.11
FC18,D,2008,EXP,602,700,4,147,1,145,2,3,,7.13,3.0975,2.2085,7.614417028,1.408,2.01,0.89,,PE,cracked in fridge - lost albumen - yolk separation clean so should be able to calculate alb. mass,frozen then thawed,FC18_D_N,4.095,77.992,1.408,109.813,35.51,0.5,53.268,1.408,75.001344,119,6,0,83.8,39,1.03098837,5,,80.88498896,0.493866718,-0.461263108,-0.439837694,0,0.11
FC21,B,2008,EXP,822,726,4,155,1.5,153,2,2,,6.49,2.8005,2.175,6.677050118,1.526,4.002,0.736,220,PE,"stage = 1.5, trace alb in yolk",,FC21_B_N,2.095,41.892,1.526,63.927,,,,,,158,1,0,80.8,40.1,2.2768364,3,0.833504229,73.97478611,0.885544801,-0.918215448,-0.658257448,0,0.11
FC21,C,2008,EXP,822,726,4,155,1.25,153,2,3,,6.86,2.8055,2.1945,6.80944913,1.638,4.241,0.577,207.33,PE,stage = 1.25,,FC21_C_N,2.784,53.024,1.638,86.854,3.07,0.5,4.6035,,,158,1,0,80.8,40.1,2.2768364,3,0.833504229,73.97478611,0.676136916,-0.556521013,-0.526713582,0,0.11
HX03,D,2008,EXP,18895,,4,133,1.5,128,5,1,,6.79,3.2045,2.1715,7.615711432,1.537,4.285,0.715,195.25,LP,beautiful...almost,,HX03_D_N,6.338,126.757,1.537,194.825,2.67,0.51,4.08357,1.537,6.27644709,133,6,2,79.2,37.9,0.15462201,5,0.85412251,80.71557556,-0.89926423,1.137043958,1.735231731,1.098612289,0.11
LP02,A,2008,EXP,49268,,4,120,1.5,117,3,2,,6.55,2.905,2.1385,6.695687596,,,,,LP,"component weights may be off, lost a bit in recovery",done in field + first attempt = not ideal,,,,,,,,,,,,,,,,,,,,0.341352542,-0.227724713,-0.454507208,,0.11
LP02,D,2008,EXP,49268,,4,120,2,116,4,1,,6.42,2.8435,2.1655,6.720477713,,,,,LP,"component weights may be off, lost a bit in recovery",done in field + first attempt = not ideal,,,,,,,,,,,,,,,,,,,,0.392677098,-0.509818687,-0.755193605,,0.11
LP06,D,2008,EXP,49280,,4,128,0.5,127,1,4,4,7.54,3.1915,2.2825,8.38005671,1.465,3.993,0.344,184.25,LP,too advanced for clean separation,CRACKED IN FRIDGE - NOT FROZEN,,,,,,,,,,,128,6,5,90.5,38.3,0.00526112,3.5,0.847717142,90.41022998,-0.317395834,0.888595208,0.77081745,1.791759469,0.11
LP19,B,2008,EXP,643,,4,141,2,137.5,3.5,2,2,5.18,2.6845,1.937,5.076369033,1.43,2.366,0.5,273.33,PE,"stage = 2, ok separation given stage",,,,,,,,,,,,141,6,0,95.8,38,-0.5524037,4,0.841380518,97.14564605,0.467785871,-0.793395729,-0.967074645,0,0.11
LP19,C,2008,EXP,643,,4,141,1,139.5,1.5,3,,6.44,2.879,2.103,6.417276421,1.394,3.641,0.753,169.33,PE,stage = 1,,LP19_C_N,3.851,77.027,1.394,107.376,9.93,0.5,14.889,1.394,20.755266,141,6,0,95.8,38,-0.5524037,4,0.841380518,97.14564605,-0.407474751,0.214099221,0.351343548,0,0.11
LP28,C,2008,EXP,49266,,4,146,0.5,144,2,4,,6.79,2.968,2.1615,6.988837019,1.35,4.004,0.552,160.33,LP,stage = 1,,LP28_C_N,4.73,90.09,1.35,121.622,4.25,0.52,6.62688,1.35,8.946288,120,6,1,93.9,37.5,-0.9600333,2.5,0.845457051,97.64563834,-0.594994408,0.596442325,0.469215072,0.693147181,0.11
LR11,D,2009,STD,,,4,117,0.5,117,0,4,4,6.32,3.149,2.2525,8.052538249,1.34,4.05,0.68,,LP,clean,,LR11_4_N,3.581,68.211,1.34,91.403,6.02,0.51,9.20907,1.34,12.3401538,,,,,,,,,,-0.555958453,-0.507635809,-0.7887972,,0.11
LR24,D,2009,EXP,49278,,4,123,0.5,123,0,4,4,7.05,3.1375,2.288,8.278016947,1.442,4.411,0.604,,LP,,,LR24_4_N,2.73,54.595,1.442,78.725,3.12,0.51,4.77666,1.442,6.88794372,,,,,,,,,,-0.381779476,0.498702792,-0.112781294,,0.11
LR30,B,2009,EXP,894,,3,133,0.5,132,1,2,2,6.35,2.767,2.1,6.15004488,1.051,,0.852,,LP,"clean(ish), but NOT whole and might be ""off""",,LR30_2_N,4.338,91.323,,,,,,,,138,1,0,90.2,38.2,-0.0801541,2,0.827281341,90.55924921,-0.694662994,0.107913846,0.109024931,0,0.11
PE17,C,2008,CONT,609,,3,125,3,122,3,2,2,5.11,3.2365,2.3085,8.692924458,,,,,PE,,addled,,,,,,,,,,,126,5,0,85.6,37.9,-0.1565204,3,0.858533089,87.23804631,0.210749937,0.190072072,0.220202217,0,0.11
PE21,B,2008,CONT,606,,4,123,3,119.5,3.5,1.5,,5.55,2.649,1.9355,5.001483565,,,,198.67,PE,cracked - moldy - discarded,addled,,,,,,,,,,,123,1,2,95.8,40.3,1.74759628,3,0.834318344,86.88255555,0.337671704,-0.439463301,-0.401658008,1.098612289,0.11
PE21,C,2008,CONT,606,,4,123,1,121.5,1.5,3,,5.47,2.675,1.942,5.084552945,,,,154,PE,small crack,addled,,,,,,,,,,,123,1,2,95.8,40.3,1.74759628,3,0.834318344,86.88255555,0.191657419,-0.127308141,-0.099664122,1.098612289,0.11
PE24,A,2008,STD,,,4,124,0.75,122.5,1.5,3.5,,6.55,2.1395,2.1395,6.490732367,1.494,3.781,0.544,208.33,PE,,,,,,,,,,,,,,,,,,,,,,0.532878246,-0.212788251,-0.15260538,,0.11
PE24,B,2008,STD,,,4,124,1,122.5,1.5,3.5,,6.53,2.1185,2.1185,6.134549946,1.55,3.515,0.752,209.67,PE,,,,,,,,,,,,,,,,,,,,,,0.493500753,-0.466637911,-0.33080749,,0.11
PE24,D,2008,STD,,,4,124,1,120.5,3.5,1.5,,6.39,2.078,2.078,5.394835026,1.485,3.525,0.744,201,PE,,,,,,,,,,,,,,,,,,,,,,0.670389343,-0.559076307,-0.334359991,,0.11
PE27,D,2008,EXP,634,,4,130,0.75,123,7,3.5,,6.58,2.9805,2.1095,6.684650754,1.299,4.235,0.743,204.33,PE,stage = 0,,PE27_D_A,3.446,68.919,1.299,89.526,7.86,0.5,11.793,1.299,15.319107,,,,,,,,,,0.502033916,-0.458542035,-0.350301914,,0.11
PE29,D,2008,EXP,618,,4,130,1,128,2,4,,7.4,3.1265,2.266,8.091122576,1.428,4.541,0.647,241.5,PE,,,,,,,,,,,,,130,5,0,89.2,37.1,-1.1315381,3.5,0.835055779,94.66753991,0.546235477,-0.031707638,0.349938647,0,0.11
PE31,B,2008,CONT,634,,4,136,4,130,6,1,,5.63,2.771,2.0255,5.729695697,,,,,PE,,,,,,,,,,,,,135,6,0,81.7,38.1,0.23308199,3,0.838281697,82.43492897,0.35279826,-0.194110054,-0.22219877,0,0.11
PE31,D,2008,CONT,634,,4,136,4,131,5,2,,5.68,2.7805,2.0525,5.903638652,,,,,PE,,,,,,,,,,,,,135,6,0,81.7,38.1,0.23308199,3,0.838281697,82.43492897,0.34593673,-0.060002143,-0.077145381,0,0.11
PE32,B,2008,EXP,633,,4,135,3,131,4,1,,7.5,3.1385,2.2195,7.792251624,2.275,3.765,0.681,173.5,PE,good,,,,,,,,,,,,135,1,2,91,38.2,-0.1190469,4,0.849205086,91.36243546,0.030883177,0.078042722,0.281696252,1.098612289,0.11
PE32,D,2008,EXP,633,,4,135,0.5,134,1,4,,7.75,3.115,2.2915,8.243816394,1.46,5.397,0.562,185,PE,"fairly clean separation...trace alb in yolk, more yolk in alb...stage - 1.5 - 2",,PE32_D_N,3.595,71.892,1.46,104.962,5.01,0.5,7.5165,1.46,10.97409,135,1,2,91,38.2,-0.1190469,4,0.849205086,91.36243546,-0.358999156,0.342755888,0.720714113,1.098612289,0.11
PE51,C,2008,,,,3,162,2.7,157,5,1,,6.39,2.8285,2.105,6.316709723,,,0.65,,PE,addled,,,,,,,,,,,,,,,,,,,,,0.808519115,-0.705486194,-0.857166459,,0.11
PE54,A,2008,CONT,680,,4,159,2.5,157,2,3,3,6.56,2.8795,2.08,6.278765875,,,0.52,164,PE,addled,,,,,,,,,,,,160,6,0,86,38.1,0.02403316,3.5,0.827632279,86.77360944,0.10118365,-0.098744121,0.238894263,0,0.11
PE54,B,2008,CONT,680,,4,159,2,158,1,4,4,6.38,2.789,2.039,5.844044339,,,0.505,168,PE,addled,,,,,,,,,,,,160,6,0,86,38.1,0.02403316,3.5,0.827632279,86.77360944,0.163854134,0.123324329,-0.00161882,0,0.11
PE58,B,2008,CONT,617,661,3,162,3.75,157,5,1,,6.66,3.001,2.1415,6.936376997,,,,,PE,,,,,,,,,,,,,130,1,2,91.5,39.4,1.05664511,4.5,0.866377028,86.62134799,0.604341827,-0.285090775,-0.635511095,1.098612289,0.11
SR03,C,2009,EXP,878,,5,113,0.5,113,0,3,3,6.86,2.7845,2.233,7.046670484,1.101,4.935,0.57,,LP,clean,,SR03_3_N,5.054,96.268,1.101,105.991,,,,,,115,6,0,102.27,39.5,0.6330507,4,0.838872643,96.35193471,-0.246951934,0.256681044,-0.292899394,0,0.11
SU02,B,2008,EXP,49272,,4,123,0.75,119.5,3.5,1,,6.5,3.0995,2.078,6.745486284,1.603,3.289,0.707,203.5,LP,may have lost a trace more than usual albumen on fingers...adjust through calc?,228 4th sample = crack,SU02_B_N,3.392,67.838,1.603,108.744,3.12,0.5,4.6755,1.603,7.4948265,123,6,0,85.9,39,0.92889476,3.5,0.831500311,82.91193976,-0.107258429,0.81033812,0.239564622,0,0.11
SU07,A,2008,EXP,49274,49276,4,120,2,116,4,1,,6.64,2.986,2.2165,7.393597615,1.59,3.975,0.931,218,PE,slightly addled - didn’t separate cleanly,196 4th measurements,SU07_A_N,1.595,30.373,,,,,,,,124,6,0,85.6,37,-1.0565204,3.5,0.850542097,91.31395518,0.551510704,-0.677533835,-0.204216597,0,0.11
SU07,B,2008,EXP,49274,49276,4,120,1,118,2,3,,6.8,3.124,2.1495,7.274722987,1.588,4.207,0.706,179.5,PE,clean separation,"190,  154 5th measurement",SU07_B_N,2.622,49.936,1.588,79.298,7.48,0.5,11.226,1.588,17.826888,124,6,0,85.6,37,-1.0565204,3.5,0.850542097,91.31395518,0.703356258,-0.736862296,-0.088146288,0,0.11
SU17,C,2008,EXP,802,,4,143,1.75,139.5,3.5,1.5,,6.12,2.7805,2.1305,6.3608699,1.717,3.013,0.557,216,LP,2 stage.  trace alb in yolk and trace yolk in alb,,,,,,,,,,,,143,5,10,92.7,40.7,2.2983059,3,0.840972243,82.50818276,-0.409406077,0.215504769,0.252660182,2.397895273,0.11
SU18,A,2008,EXP,644,,4,138,0.75,136.5,1.5,2.5,,6.06,2.876,2.2705,7.472439898,1.297,3.745,0.685,235.5,LP,"a looked more advanced than b, but couldn’t differentiate from c",,SU18_A_N,2.568,51.351,1.297,66.603,6.86,0.49,10.08567,1.297,13.08111399,142,6,0,80.8,36.9,-0.9231636,5.5,0.856582107,86.63790268,-0.840535832,0.185821793,0.100315315,0,0.11
SU18,D,2008,EXP,644,,4,138,1,136.5,1.5,1,,6.02,2.8075,2.2495,7.160152899,1.244,3.885,0.632,212,LP,d looked more advanced than c and was the most advanced,"214, 1st 2 have unique puncture pattern",SU18_D_N,3.122,59.459,1.244,73.968,10.1,0.51,15.45759,1.244,19.22924196,142,6,0,80.8,36.9,-0.9231636,5.5,0.856582107,86.63790268,-0.664326752,0.682220389,0.711108955,0,0.11
AE04,B,2008,CONT,638,637,4,125,3,121,4,1.5,,6.01,3.077,1.988,6.129016532,1.903,2.77,0.817,192.75,PE,too advanced for clean separation,A cracked not frozen,,,,,,,,,,,137,1,0,80.8,37.7,-0.1231636,2.5,0.837337108,83.17818905,0.356919125,-0.101708791,0.090114584,0,0.12
AE07,A,2008,EXP,645,,4,138,1,135,3,1,1,6.07,2.8185,2.065,6.057433954,1.487,3.834,0.55,215,PE,,"1st and 3 hole punch, 216",AE07_1_N,3.338,66.757,1.487,99.267,4.81,0.49,7.07217,1.487,10.51631679,143,5,0,87.8,40.4,2.23652434,3.5,0.842627893,79.25315999,0.388963421,-0.512428362,-0.429182764,0,0.12
AE07,C,2008,EXP,645,,4,138,1,136.5,1.5,2.5,,6.76,2.974,2.16,6.993249178,1.596,4.259,0.599,208.5,PE,,"2nd one hole punch, 164",AE07_C_N,2.946,58.919,1.596,94.035,10.92,0.5,16.374,1.596,26.132904,143,5,0,87.8,40.4,2.23652434,3.5,0.842627893,79.25315999,0.11081999,-0.125426252,0.132542216,0,0.12
AE12,D,2008,CONT,629,,4,153,1,147,6,4,,,2.9105,2.01,5.926390369,,,,,PE,Frozen but most of white missing,broken before spec so may not be valid,,,,,,,,,,,135,1,0,77.5,36.7,-0.9627308,2.5,0.867903285,83.96201366,-0.024397896,-0.807191829,-0.422888844,0,0.12
DA03,D,2009,EXP,882,,4,119,0.5,118,1,3.5,,6.16,3.13,2.066,6.733416957,1.098,3.999,0.589,,LP,clean - as 1B,,DA03_2B_A,3.324,66.486,1.098,73.002,,,,,,121,5,1,85.71,37.7,-0.3618682,3,0.83504579,88.23270524,-0.639783293,0.732883656,0.538612859,0.693147181,0.12
EM04,A,2009,EXP,883,,4,112,0.5,112,0,3.5,,5.72,2.945,2.447,8.887585143,1.192,3.772,0.509,,LP,clean,,EM04_A_N,5.446,103.732,1.192,123.649,,,,,,121,6,0,82.3,38.7,0.80391239,5,,80.61125211,-0.199920765,-0.227310283,0.210995317,0,0.12
EM04,B,2009,EXP,883,,4,112,1,111,1,1.5,,5.6,2.8415,2.2715,7.389306469,1.146,3.148,0.67,,LP,clean -  v. smal trace yolk on kimwipe,,EM04_B_A,3.622,80.48,1.146,92.231,,,,,,121,6,0,82.3,38.7,0.80391239,5,,80.61125211,-0.101851848,0.020260662,-0.033311301,0,0.12
EM26,C,2009,EXP,895,,3,142,0.5,137,5,3,3,7.25,3.091,2.1805,7.406989407,1.259,4.144,0.641,,LP,"tiiny trace yolk in alb. lost trace alb. During sep Shell whole_ clean separation given stage, but a bit advanced.",,EM26_3_N,3.878,77.568,1.454,112.783,,,,,,139,6,0,93.6,39.2,0.7545515,4.5,0.839425529,89.47031919,-0.40369168,0.280322517,0.403038973,0,0.12
FC15,A,2008,STD,,,3,151,2,147,4,1,1,6.18,2.899,2.0555,6.173247853,1.226,3.85,0.5454,212,PE,,,,,,,,,,,,,,,,,,,,,,0.241888553,-0.052889726,-0.097134838,,0.12
FC16,A,2008,CONT,668,,3,153,4.5,147,6,1,,6.78,2.8715,2.144,6.652561822,,,,,PE,,,,,,,,,,,,,153,1,0,82.6,37.4,-0.5106724,4.5,0.828048953,86.33177465,0.64330727,-0.373351671,-0.31000657,0,0.12
FC18,A,2008,EXP,602,700,4,147,2,144,3,2,,6.81,2.9275,2.1465,6.798126251,1.462,4.066,0.733,199.33,PE,cracked -trace yolk in albumen,frozen then thawed,FC18_1A_N,5.081,101.622,1.462,148.571,,,,,,119,6,0,83.8,39,1.03098837,5,,80.88498896,0.085399952,-0.254948255,-0.160902632,0,0.12
FC18,C,2008,EXP,602,700,4,147,0.5,146,1,4,,6.82,2.9765,2.174,7.090151299,1.416,3.975,0.667,228.33,PE,cracked in fridge,frozen then thawed,FC18_3_N,2.581,51.622,1.416,73.096,25.88,0.5,38.8125,1.416,54.9585,119,6,0,83.8,39,1.03098837,5,,80.88498896,0.390021526,-0.37848265,-0.210040376,0,0.12
FC21,D,2008,EXP,822,726,4,155,1,153,2,4,,6.48,2.7675,2.1295,6.32518824,1.362,4.328,0.485,204,PE,stage = 1,,FC21_D_N,4.068,81.351,1.362,110.801,3.23,0.5,4.8435,,,158,1,0,80.8,40.1,2.2768364,3,0.833504229,73.97478611,0.807741806,-0.926304046,-1.041505108,0,0.12
LP06,B,2008,EXP,49280,,4,128,1,125.5,2.5,2.5,,7.41,3.163,2.257,8.120688401,1.075,2.145,0.619,,LP,c - cracked at collection frozen TRANSFER DATA,FROZEN early,,,,,,,,,,,128,6,5,90.5,38.3,0.00526112,3.5,0.847717142,90.41022998,-0.19641162,1.056637558,1.127627448,1.791759469,0.12
LR06,A,2009,EXP,880,,4,113,0.5,113,0,1,1,7.23,3.1865,2.312,8.584601083,1.264,1.058,0.592,,LP,"clean - alb not complete, some spilled out, yolk broke_ maybe lost 0.1g max, not bad",,LR06_1_N,3.635,69.241,1.264,87.52,4.31,0.49,6.33717,1.264,8.01018288,115,6,0,94.4,37.8,-0.6843413,3,0.833599344,96.6905966,-0.566485399,-0.48937211,-0.068872749,0,0.12
LR07,A,2009,STD,,,4,112,0.5,110,2,1,1,6.7,2.975,2.3505,8.283960465,1.313,4.482,0.67,,LP,clean,,LR07_1_A,4.608,87.773,1.313,115.247,,,,,,,,,,,,,,,0.222353876,-0.191475687,-0.304232713,,0.12
LR11,A,2009,STD,,,4,117,0.5,114,3,1,1,6.54,3.1655,2.186,7.623829402,1.457,3.678,0.496,,LP,clean,,LR11_1_N,2.932,55.856,1.457,81.382,7.36,0.5,11.04,1.457,16.08528,,,,,,,,,,-0.7721007,0.291416824,0.164833186,,0.12
LR26,B,2009,EXP,889,,4,129,0.5,127,2,2,2,6.72,3.021,2.1,6.71459544,1.417,1.825,1.145,,LP,clean. Lost alb.  Yolk hard but ok.,,LR26_2_N,1.595,31.892,1.417,,,,,,,132,5,1,85.1,39.2,1.16778756,4,0.822659746,81.34534362,-0.67823306,0.557389117,0.447896128,0.693147181,0.12
LR30,A,2009,EXP,894,,3,133,0.5,131,2,1,1,6.18,2.7445,2.0935,6.062331797,1.274,2.833,1.022,,LP,clean. Lost trace yolk_Lost alb (cracked..all)shell weights off,,LR30_1_N,4.892,93.179,,,,,,,,138,1,0,90.2,38.2,-0.0801541,2,0.827281341,90.55924921,-0.350604017,-0.556729965,-0.954884934,0,0.12
LR31,B,2009,EXP,49278,,4,133,0.5,132,1,2,2,7,3.0715,2.109,6.885479912,1.511,3.949,0.613,,LP,CLEAN. YOLK BROKE MAYBE TINY TINY TRACE ALB IN YOLK,,LR31_2_N,2.311,46.216,1.517,70.11,,,,,,,,,,,,,,,-0.53537941,0.132744208,-0.109174245,,0.12
MC02,B,2008,EXP1,49287,,4,129,1.25,126.5,2.5,1.5,,6.98,3.0625,2.1945,7.433233991,1.312,4.634,0.613,177.33,LP,,,MC02_B_N,2.486,47.362,1.312,62.138,3.02,0.47,4.26384,1.312,5.59415808,135,6,0,90.5,38.6,0.30526112,4.5,0.866312118,89.07982714,-0.292377752,0.455048805,0.602941765,0,0.12
PE12,A,2008,EXP,601,613,4,119,1,117.5,1.5,3.5,,6.66,2.9515,2.141,6.818779685,1.47,3.999,0.802,215.67,PE,,,PE12_A_N,4.351,87.027,1.47,127.93,5.63,0.53,8.94534,,,119,6,0,84,37,-0.9787348,2.5,0.83083033,89.60715228,0.289838653,0.395970772,0.451009145,0,0.12
PE12,C,2008,EXP,601,613,4,119,1,115.5,3.5,1.5,,6.27,2.8365,2.046,5.984454689,,,0.657,218,PE,slightly addled - couldn't separate yolk and alb,,,,,,,,,,,,119,6,0,84,37,-0.9787348,2.5,0.83083033,89.60715228,0.338423858,0.263231591,0.137124721,0,0.12
PE17,A,2008,CONT,609,,3,125,2,123,2,3,3,5.34,3.259,2.3175,8.821742615,,,0.586,,PE,,addled,,,,,,,,,,,126,5,0,85.6,37.9,-0.1565204,3,0.858533089,87.23804631,-0.12061633,0.124403797,0.465990985,0,0.12
PE27,A,2008,EXP,634,,4,130,1,123,7,1.5,,6.56,3.0985,2.135,7.118324722,1.372,4.165,0.593,211.33,PE,stage = 1,,PE27_A_N,4.757,95.135,1.372,130.525,5.12,0.51,7.8336,,,,,,,,,,,,0.429426597,-0.692134659,-0.275551295,,0.12
PE51,B,2008,,,,3,162,2.5,158,4,2,,7.06,2.9765,2.095,6.584222188,,,0.595,164,PE,addled,,,,,,,,,,,,,,,,,,,,,0.607185814,-0.624230356,-0.497565628,,0.12
SR01,D,2009,EXP,879,,4,113,1,112,1,4,4,5.62,,,5.947985256,1.08,3.478,0.525,,LP,clean but yolk broke - bit irrigation?,,SR01_4_A,2.757,58.037,1.08,62.68,4.41,0.48,6.3504,1.08,6.858432,115,6,1,86.6,37.5,-0.6051364,4,0.832762979,90.05444388,-0.080040306,-0.632471508,-0.415338198,0.693147181,0.12
SU07,C,2008,EXP,49274,49276,4,120,0.5,118,2,4,,5.85,3.133,2.0215,6.45265466,1.007,3.61,0.86,195,PE,clean separation,,SU07_C_N,1.216,24.324,1.007,24.495,2.2,0.5,3.297,1.007,3.320079,124,6,0,85.6,37,-1.0565204,3.5,0.850542097,91.31395518,0.619952193,-0.826179457,-0.303925057,0,0.12
SU07,D,2008,EXP,49274,49276,4,120,1.25,118,2,2,,6.14,3.186,2.0655,6.850569971,1.578,3.393,0.77,190.75,PE,clean separation,132 4th sample is invalid,SU07_D_N,1.162,23.243,1.578,36.678,,,,,,124,6,0,85.6,37,-1.0565204,3.5,0.850542097,91.31395518,0.618362172,-1.057455686,-0.502120452,0,0.12
SU13,A,2008,EXP,625,,3,134,1,130.5,3.5,2,2,6.45,2.795,2.0705,6.481615304,1.984,3.342,0.526,228,PE,might be trace of mixing b/w alb. and yolk,,SU13_A_N,1.716,34.324,,,,,,,,134,6,0,82.8,35.7,-2.2203956,5,0.86818637,94.53821357,0.323087238,-0.1079322,0.240728052,0,0.12
SU13,C,2008,EXP,625,,3,134,0.25,132,2,3,3,6.29,2.8165,2.0845,5.958914877,1.271,3.983,0.776,224.5,PE,,,SU13_C_N,2.946,56.113,1.271,71.32,4.15,0.5,6.2175,,,134,6,0,82.8,35.7,-2.2203956,5,0.86818637,94.53821357,0.163717006,0.281839082,0.574973337,0,0.12
SU17,D,2008,EXP,802,,4,143,1.75,139.5,3.5,1.5,,6.31,2.9185,2.145,6.767758097,1.728,3.323,0.653,204,LP,2 stage.  trace alb in yolk and trace yolk in alb,,,,,,,,,,,,143,5,10,92.7,40.7,2.2983059,3,0.840972243,82.50818276,-0.893030169,1.005251967,1.536705766,2.397895273,0.12
AE05A,D,2008,CONT,629,,4,132,1,131,1,3.5,,6.3,3.0425,2.134,6.98312721,,,,,PE,,,,,,,,,,,,,135,1,0,77.5,36.7,-0.9627308,2.5,0.867903285,83.96201366,0.500030673,-0.184453513,-0.186917964,0,0.13
LP02,C,2008,EXP,49268,,4,120,1,118.5,1.5,3.5,,6.67,2.984,2.1495,6.948711074,,,,,LP,"component weights may be off, lost a bit in recovery",done in field + first attempt = not ideal,,,,,,,,,,,,,,,,,,,,0.25815376,-0.264972099,-0.367188503,,0.13
LP06,A,2008,EXP,49280,,4,128,2,124,4,1,,7.33,3.2685,2.155,7.650213839,4.2,1.984,0.709,208,LP,b cracked in fridge (not frozen) -lost fluid - slight fungus growth attached to yolk - separation not clean- managed to salvage small sample of pure yolk,cracked and moldy,,,,,,,,,,,128,6,5,90.5,38.3,0.00526112,3.5,0.847717142,90.41022998,-0.767462166,1.519148742,1.831024182,1.791759469,0.13
LP29,C,2008,CONT,49261,19406,3,155,4.5,150.5,4.5,2.5,,6.18,3.012,2.482,9.351667528,,,,,LP,,,,,,,,,,,,,,,,,,,,,,-0.590140763,0.857849075,0.72649762,,0.13
LR06,B,2009,EXP,880,,4,113,0.5,113,0,2,2,7.17,3.203,2.216,7.927330909,1.247,4.793,0.732,,LP,clean,,LR06_2_N,3.257,62.033,1.247,77.356,8.08,0.51,12.35475,1.247,15.40637325,115,6,0,94.4,37.8,-0.6843413,3,0.833599344,96.6905966,-0.646370426,-0.177522864,0.098852086,0,0.13
LR26,A,2009,EXP,889,,4,129,0.5,126,3,1,1,6.47,2.9215,2.073,6.327541923,1.32,3.064,1.13,,LP,clean. Lost alb.  Yolk hard but ok.,,LR26_1_N,1.486,29.73,1.32,,,,,,,132,5,1,85.1,39.2,1.16778756,4,0.822659746,81.34534362,-0.62813436,0.381552075,0.068451634,0.693147181,0.13
LR26,C,2009,EXP,889,,4,129,0.5,128,1,3,3,6.61,2.8735,2.122,6.521274736,1.712,1.378,0.847,,LP,clean. Lost alb.  Yolk hard but ok.,,LR26_3_N,1.568,30.587,1.712,,,,,,,132,5,1,85.1,39.2,1.16778756,4,0.822659746,81.34534362,-0.475505541,-0.158570855,0.007231149,0.693147181,0.13
PE12,B,2008,EXP,601,613,4,119,1,117.5,1.5,3.5,,6.39,2.8545,2.1025,6.359640886,1.522,3.879,0.576,210.33,PE,,,PE12_B_N,3.973,75.676,1.522,115.178,3.72,0.51,5.69619,,,119,6,0,84,37,-0.9787348,2.5,0.83083033,89.60715228,0.366130051,0.114679804,0.163187614,0,0.13
PE16,A,2008,EXP,49273,,4,124,0.5,120,4,1,1,6.69,3.1025,2.1505,7.23138061,1.059,4.216,0.624,232.67,LP,,,PE16_1_N,3.784,75.676,1.059,80.141,,,,,,124,6,0,89.7,36.8,-1.4558461,4.5,0.831066769,96.67813254,-0.343907421,1.089204505,1.206645548,0,0.13
PE29,A,2008,EXP,618,,4,130,2,127,3,3,,7.45,3.097,2.1715,7.360230396,1.658,3.968,0.692,197,PE,,,,,,,,,,,,,130,5,0,89.2,37.1,-1.1315381,3.5,0.835055779,94.66753991,0.431118796,0.106619519,0.398431386,0,0.13
PE29,B,2008,EXP,618,,4,130,2.25,125.5,4.5,1.5,,6.85,3.2045,2.0705,6.923748468,2.417,2.905,0.635,222.5,PE,,,,,,,,,,,,,130,5,0,89.2,37.1,-1.1315381,3.5,0.835055779,94.66753991,1.069255376,-0.635821451,-0.203806474,0,0.13
PE45,B,2008,CONT,607,,3,146,3.5,141,5,1.5,,7.05,2.833,2.1955,6.88246472,,,,,PE,addled,,,,,,,,,,,,124,1,0,98.2,38.1,-0.5690821,5,0.847410762,99.08335403,-0.104251512,0.508884324,0.336822694,0,0.13
SR01,C,2009,EXP,879,,4,112,1,112,0,1,,5.53,2.778,2.026,7.378904489,1.078,3.405,0.56,,LP,clean - bit irrigation?,,SR01_C_N,5.486,115.505,1.078,124.514,5.56,0.51,8.5068,1.078,9.1703304,115,6,1,86.6,37.5,-0.6051364,4,0.832762979,90.05444388,-0.44932157,0.430165069,-0.130864404,0.693147181,0.13
EM08,D,2009,EXP,881,,4,118,0.5,118,0,4,4,5.95,2.958,2.2935,7.841988391,1.07,3.7,0.78,,LP,clean,,EM08_4_N,5.446,108.919,1.07,116.543,21.92,0.52,34.19208,1.07,36.5855256,120,5,1,97.47,39.1,0.46640754,2,0.845909796,93.62283595,-0.352455537,0.745580598,0.499585985,0.693147181,0.14
LP02,B,2008,EXP,49268,,4,120,1,118.5,1.5,3.5,,6.85,3.0525,2.164,7.20444818,,,,,LP,"component weights may be off, lost a bit in recovery",done in field + first attempt = not ideal,,,,,,,,,,,,,,,,,,,,0.437687635,-0.469049236,-0.579654679,,0.14
EM18,D,2009,STD,,,4,121,0.5,121,0,4,4,7.19,3.068,2.2395,7.755111124,1.494,,0.702,,LP,,,EM18_4_N,3.081,61.622,1.494,92.063,,,,,,,,,,,,,,,-0.687600507,0.631057961,0.747703588,,0.15
FC22,B,2008,CONT,645,719,2,162,4.5,157,5,2,2,7.06,2.9225,2.218,7.246163681,,,,,PE,,,,,,,,,,,,,143,5,0,87.8,40.4,2.23652434,3.5,0.842627893,79.25315999,0.612889324,-0.79212006,-0.330296793,0,0.15
PE21,D,2008,CONT,606,,4,123,0.5,122.5,0.5,4,,5.54,2.5275,1.9665,4.926172349,0.958,2.019,1.779,167,PE,small crack,,PE21_D_N,3.149,59.974,0.958,57.455,,,,,,123,1,2,95.8,40.3,1.74759628,3,0.834318344,86.88255555,0.24023183,0.060473818,-0.060163254,1.098612289,0.15