"NestID","EggLetter","Year","Treatment","FemaleID","MaleID","ClutchSize","SampleDOY","IncStage","LayDOY","EggAge","LayOrder_est","LayOrder_known","Mass_egg","Length_egg","Width_egg","Volume_egg","Mass_yolk","Mass_albumen","Mass_shell","MeanStrength","Carotenoid_ugml","Carotenoid_ugg","Carot_ugyolk","T_concentration","FcaughtDOY","FemaleAge","Ectoparasites","Mass_female","Tarsus_female","YellowAreaScore_female","HTheta_female","HPhi_female","RVec_female","Lum_female","ScaledBodyMass_female","HTheta_egg","HPhi_egg","RVec_egg","RMax_egg","RAchieved_egg","Lum_egg","Thickness_shell","ClutchMass_shell","Ectoparasites2","ClutchInitiationDate"
"SF01","C",2009,"EXP",886,,4,122,0.5,122,0,3,3,6.08,2.9735,2.115,6.703771807,1.207,3.69,0.391,,2.973,59.459,71.768,3.06,125,5,20,86.28,38.6,4.5,0.330675021,-0.965344174,0.252203212,0.248583926,84.92604957,2.509125629,-1.179316369,0.156772471,0.270461674,0.579647639,0.195667718,0.07,2.021,"YES",122
"PE58","A",2008,"CONT",617,661,3,162,3,158,4,2,,6.26,2.954,2.17,7.010685662,,,,,,,,,130,1,2,91.5,39.4,4.5,0.305196602,-0.842291244,0.29027449,0.169083246,86.62134799,2.358289389,-1.275697786,0.138774865,0.261294866,0.531104445,0.335934574,0.08,,"YES",157
"AE03","D",2008,"",,,4,122,3,117,5,1,,5.56,2.755,1.9935,5.518037145,,,0.556,177.67,,,,,,,,,,,,,,,,2.417591057,-1.243278274,0.151413823,0.264035134,0.573460888,0.299992426,0.09,2.753,,117
"AE07","B",2008,"EXP",645,,4,138,1,136.5,1.5,2.5,,6.43,2.851,2.1675,6.750655818,1.596,3.951,0.588,212,3.068,58.43,93.254,6.14,143,5,0,87.8,40.4,3.5,0.306089292,-0.89993803,0.268939227,0.173677284,79.25315999,2.358213888,-1.271875737,0.145943038,0.261600704,0.557884728,0.305032095,0.09,2.438,"NO",135
"DA03","A",2009,"EXP",882,,4,119,0.5,119,0,1.5,,5.6,2.961,2.112,6.656666075,1.011,3.174,0.674,,3.311,66.216,66.945,,121,5,1,85.71,37.7,3,0.282324793,-0.982444371,0.250958498,0.304323795,88.23270524,2.474757779,-1.215804109,0.157769931,0.266624236,0.591731395,0.215258007,0.09,2.314,"YES",119
"EM22","A",2009,"STD",,,4,124,0.5,122,2,1,1,5.63,2.9595,2.1375,6.814925736,1.106,3.639,0.484,,,,,,,,,,,,,,,,,2.303671591,-1.309756865,0.13010876,0.258766429,0.502803862,0.252599053,0.09,2.118,,122
"FC18","B",2008,"EXP",602,700,4,147,3,143,4,1,,6.81,3.048,2.1895,7.364366575,2.656,2.691,0.714,141.33,4.446,88.919,236.169,,119,6,0,83.8,39,5,,,,,80.88498896,2.47520477,-1.262451942,0.145471629,0.262374273,0.554443189,0.29332194,0.09,3.004,"NO",143
"HX03","A",2008,"EXP",18895,,4,133,0.5,129,4,3,,6.28,3.043,2.1795,7.285279791,1.207,4.128,0.515,174,4.649,88.546,106.875,2.22,133,6,2,79.2,37.9,5,0.294603134,-0.878794372,0.277323253,0.252651203,80.71557556,2.510980558,-1.192415099,0.170145658,0.269030156,0.632440842,0.202620786,0.09,2.22,"YES",128
"HX03","C",2008,"EXP",18895,,4,133,0.75,129,4,4,,6.4,3.106,2.1025,6.919966576,1.202,4.493,0.499,161,4.946,94.208,113.239,2.46,133,6,2,79.2,37.9,5,0.294603134,-0.878794372,0.277323253,0.252651203,80.71557556,2.505142174,-1.183749029,0.170006929,0.269970352,0.62972444,0.205112168,0.09,2.22,"YES",128
"LP28","B",2008,"EXP",49266,,4,146,2,141,5,1,,6.52,2.837,2.205,6.951956722,1.222,3.758,0.505,176,3.014,60.27,75.941,1.75,120,6,1,93.9,37.5,2.5,0.24585339,-0.951570118,0.259556728,0.230025875,97.64563834,2.457664697,-1.236787267,0.147794817,0.264624293,0.558508121,0.226582604,0.09,2.143,"YES",141
"LP28","D",2008,"EXP",49266,,4,146,1.5,142,4,2,,6.27,2.753,2.1515,6.422726794,1.199,3.737,0.616,194,2.541,50.811,61.024,0.99,120,6,1,93.9,37.5,2.5,0.24585339,-0.951570118,0.259556728,0.230025875,97.64563834,2.402880623,-1.274419999,0.13911208,0.261396609,0.532187776,0.241578272,0.09,2.143,"YES",141
"LR11","C",2009,"STD",,,4,117,0.5,116,1,3,3,6.51,3.1105,2.2005,7.591078594,1.483,4.192,0.473,,3,60,88.98,5.93,,,,,,,,,,,,2.409213613,-1.233967677,0.145147895,0.264884516,0.547966705,0.202396572,0.09,2.267,,114
"LR23","D",2009,"EXP",893,,4,129,0.5,129,0,4,4,5.99,2.756,2.1815,6.610285,1.749,2.675,0.72,,2.324,46.486,81.305,,134,6,2,89.2,36.9,4,0.362458099,-0.926187973,0.264924109,0.234577833,95.64481335,2.33259504,-1.271100472,0.149909701,0.261663294,0.572910699,0.236085002,0.09,1.246,"YES",127
"LR28","A",2009,"EXP",891,,4,133,0.5,130,3,1,1,6.24,2.904,2.0085,5.90433269,,,,,2.608,49.678,,,133,6,15,88,36.9,5,0.296105476,-1.020396659,0.241484198,0.287558827,94.35811182,2.402933135,-1.223870521,0.149518382,0.265837987,0.562441748,0.203903299,0.09,,"YES",130
"LR28","D",2009,"EXP",891,,4,133,0.5,133,0,4,4,6.55,2.9175,2.0885,6.413725377,,,,,2.351,44.788,,,133,6,15,88,36.9,5,0.296105476,-1.020396659,0.241484198,0.287558827,94.35811182,2.498462247,-1.180387635,0.144157302,0.270342283,0.533239938,0.225138298,0.09,,"YES",130
"LR31","D",2009,"EXP",49278,,4,133,0.5,133,0,4,4,7.03,3.0205,2.1215,6.851654398,1.365,4.365,0.737,,3.23,64.595,88.172,,,,,,,,,,,,,2.512237522,-1.217184784,0.137624046,0.266488099,0.516435994,0.239672949,0.09,2.956,,131
"MC02","C",2008,"EXP1",49287,,4,129,1,126.5,2.5,3.5,,6.7,2.98,2.159,7.00087116,0.939,3.188,0.049,,2.77,52.767,,3.86,135,6,0,90.5,38.6,4.5,0.334976244,-0.857441531,0.28641415,0.166492829,89.07982714,2.498266772,-1.238438808,0.143219403,0.264473084,0.541527332,0.266766484,0.09,1.786,"NO",126
"PE08","A",2008,"STD",,,3,117,0.75,113.5,3.5,1.5,,6.47,3.0685,2.077,6.671594733,1.846,3.53,0.638,165.67,,,,,,,,,,,,,,,,2.388623152,-1.257090209,0.13274861,0.262826885,0.505080025,0.346093525,0.09,1.269,,113
"PE08","B",2008,"STD",,,3,117,0.75,113.5,3.5,1.5,,6.61,3.0275,2.107,6.773977651,1.668,3.868,0.631,170.33,,,,,,,,,,,,,,,,2.373712124,-1.255393691,0.136733632,0.262971999,0.519955099,0.370791028,0.09,1.269,,113
"PE27","B",2008,"EXP",634,,4,130,1,123,7,1.5,,6.37,3.053,2.131,6.987538925,1.119,2.159,,188,2.527,50.541,,4.1,,,,,,,,,,,,2.214329249,-1.307530138,0.136782601,0.258921087,0.528279109,0.345034799,0.09,,,123
"PE51","A",2008,"",,,3,162,2,159,3,3,,7.11,2.97,2.1685,7.038916911,,,0.652,172.5,,,,,,,,,,,,,,,,2.281823935,-1.258923887,0.142928418,0.262671069,0.544134603,0.288607938,0.09,1.897,,157
"SF01","B",2009,"EXP",886,,4,122,0.5,122,0,1.5,,6.23,3.0965,2.0945,6.846401278,1.255,3.85,0.532,,3.905,78.108,98.026,1.81,125,5,20,86.28,38.6,4.5,0.330675021,-0.965344174,0.252203212,0.248583926,84.92604957,2.492432449,-1.194789961,0.146715513,0.268777163,0.545863018,0.195156564,0.09,2.021,"YES",122
"SR03","D",2009,"EXP",878,,5,114,0.5,114,0,4,4,6.85,2.8065,2.232,6.693375546,1.111,4.845,0.618,,5,95.238,105.81,,115,6,0,102.27,39.5,4,0.30483288,-0.996641117,0.249768122,0.260925891,96.35193471,2.454610458,-1.234147142,0.142908359,0.264867875,0.539545835,0.239774497,0.09,1.765,"NO",
"SU17","B",2008,"EXP",802,,4,143,1.25,139.5,3.5,3,,6.09,2.809,2.15,6.54423966,1.182,3.961,0.484,197.67,5.392,107.838,140.459,,143,5,10,92.7,40.7,3,0.31512383,-0.935766871,0.261153913,0.214518697,82.50818276,2.473260418,-1.233650253,0.146054636,0.264913975,0.551328542,0.232807367,0.09,2.212,"YES",139
"AE03","A",2008,"",,,4,122,1.5,120,2,4,,5.82,2.896,2.0455,6.107001992,1.256,3.323,0.813,214,,,,,,,,,,,,,,,,2.333242446,-1.261625807,0.146466789,0.262443418,0.558089014,0.299345507,0.1,2.753,,117
"AE03","B",2008,"",,,4,122,2.5,118,4,2,,5.86,2.876,2.014,5.879472327,1.636,2.759,0.659,165,,,,,,,,,,,,,,,,2.451441787,-1.186152277,0.165149105,0.269706931,0.612327998,0.277530739,0.1,2.753,,117
"AE04","A",2008,"CONT",638,637,4,125,3,121,4,1.5,,5.87,3.0465,1.952,5.850477933,2.244,2.23,0.828,175.75,,,,,137,1,0,80.8,37.7,2.5,0.348497201,-0.928887469,0.261356069,0.260959748,83.17818905,2.412249657,-1.239516818,0.145665939,0.264374867,0.550982551,0.305189476,0.1,2.25,"NO",121
"AE04","D",2008,"CONT",638,637,4,125,2,123,2,3,,6.01,3.014,1.992,6.027711428,1.715,3.075,0.605,157.5,,,,,137,1,0,80.8,37.7,2.5,0.348497201,-0.928887469,0.261356069,0.260959748,83.17818905,2.39882804,-1.237445785,0.150236445,0.264563894,0.567864507,0.263157662,0.1,2.25,"NO",121
"AE07","D",2008,"EXP",645,,4,138,0,138,0,4,4,7.1,2.9815,2.1995,7.269646328,1.61,4.322,0.701,223.5,4.297,85.946,138.373,8.59,143,5,0,87.8,40.4,3.5,0.306089292,-0.89993803,0.268939227,0.173677284,79.25315999,2.42421556,-1.216937368,0.152764878,0.266512447,0.573199789,0.278702155,0.1,2.438,"NO",135
"AE09C","C",2008,"EXP",629,731,4,157,0,156,1,3,3,6.55,3.0505,2.1275,6.958901724,1.299,3.826,0.78,,1.797,34.234,44.47,8.25,135,1,0,77.5,36.7,2.5,0.297663991,-0.822581615,0.296049191,0.156982315,83.96201366,2.335129546,-1.277492144,0.141732638,0.261152843,0.542719108,0.313413382,0.1,1.524,"NO",
"AE09C","D",2008,"EXP",629,731,4,157,,157,0,4,4,6.4,3.0445,2.063,6.530478001,1.297,3.784,0.744,169,3.014,60.27,78.171,7.01,135,1,0,77.5,36.7,2.5,0.297663991,-0.822581615,0.296049191,0.156982315,83.96201366,2.42001237,-1.238906884,0.130900553,0.264430391,0.4950284,0.381802819,0.1,1.524,"NO",
"DA03","B",2009,"EXP",882,,4,119,0.5,119,0,1.5,,5.02,2.8665,1.992,5.73272555,1.011,3.314,0.492,,3.405,64.865,60.389,,121,5,1,85.71,37.7,3,0.282324793,-0.982444371,0.250958498,0.304323795,88.23270524,2.437645683,-1.234524446,0.152667971,0.264832924,0.576469002,0.21792437,0.1,2.314,"YES",119
"DA03","C",2009,"EXP",882,,4,119,0.5,118,1,3.5,,5.99,2.998,2.058,6.399601121,1.102,3.875,0.559,,3.595,71.892,79.225,,121,5,1,85.71,37.7,3,0.282324793,-0.982444371,0.250958498,0.304323795,88.23270524,2.437820693,-1.237947809,0.150552937,0.264517945,0.569159636,0.242659573,0.1,2.314,"YES",119
"EM09","B",2009,"EXP",885,,3,118,0.5,118,0,2,2,6.71,2.9875,2.1255,6.802376551,1.217,4.205,0.6,,3.986,79.73,97.27,13.81,124,5,0,79.5,37.8,5,0.312604494,-1.047148467,0.239374426,0.285055478,81.42905116,2.397642215,-1.243063423,0.150843751,0.264054415,0.571260095,0.220836884,0.1,1.171,"NO",118
"EM22","B",2009,"STD",,,4,124,0.5,123,1,2,2,5.93,3.0435,2.085,6.668312761,1.259,3.813,0.556,,2.446,46.589,58.656,,,,,,,,,,,,,2.420555955,-1.243771801,0.145090667,0.263990901,0.549604802,0.22985634,0.1,2.118,,122
"EM22","D",2009,"STD",,,4,125,0.5,125,0,4,4,5.46,3.0355,2.0375,6.351203211,1.126,3.455,0.501,,,,,,,,,,,,,,,,,2.434443133,-1.236249918,0.139691114,0.264673684,0.527786186,0.258343044,0.1,2.118,,122
"HX03","B",2008,"EXP",18895,,4,133,1,129,4,2,,6.36,2.9735,2.1785,7.112357986,1.192,4.363,0.491,187.25,4.973,94.723,112.91,2.67,133,6,2,79.2,37.9,5,0.294603134,-0.878794372,0.277323253,0.252651203,80.71557556,2.537993193,-1.197639008,0.158684687,0.268476278,0.591056641,0.236560244,0.1,2.22,"YES",128
"LP19","A",2008,"EXP",643,,4,141,2.5,137.5,3.5,1,1,5.98,2.7265,2.06,5.831368402,1.589,3.017,0.617,227.67,,,,,141,6,0,95.8,38,4,0.321340122,-0.887896558,0.271152031,0.22958432,97.14564605,2.30318626,-1.277881775,0.143037762,0.261122136,0.547781064,0.282143078,0.1,2.409,"NO",137
"LP19","D",2008,"EXP",643,,4,141,0.5,139.5,1.5,4,,6.61,2.8065,2.15,6.53841531,1.43,4.409,0.539,233.33,3.973,75.676,108.216,16,141,6,0,95.8,38,4,0.321340122,-0.887896558,0.271152031,0.22958432,97.14564605,2.397715092,-1.229071818,0.148145222,0.265342596,0.558316773,0.239515287,0.1,2.409,"NO",137
"LP28","A",2008,"EXP",49266,,4,146,1,143,3,3,,6.6,2.83,2.2385,7.147121571,1.29,3.78,0.47,,4.919,93.694,120.865,3.09,120,6,1,93.9,37.5,2.5,0.24585339,-0.951570118,0.259556728,0.230025875,97.64563834,2.450127911,-1.244598169,0.143511287,0.263917013,0.543774291,0.227346703,0.1,2.143,"YES",141
"LR06","D",2009,"EXP",880,,4,114,0.5,114,0,4,4,6.97,3.201,2.222,7.965340026,1.261,4.577,0.552,,2.851,51.843,65.374,4.8,115,6,0,94.4,37.8,3,0.281580965,-0.939914126,0.258077911,0.26225733,96.6905966,2.34894344,-1.260654403,0.146902491,0.262524998,0.559575249,0.249685267,0.1,1.876,"NO",113
"LR07","B",2009,"STD",,,4,112,0.5,111,1,2,2,6.64,2.989,2.258,7.680762329,1.333,4.307,0.643,,4.203,84.054,112.044,,,,,,,,,,,,,2.394369619,-1.262306438,0.140291214,0.262386435,0.534674034,0.284607961,0.1,1.937,,110
"LR07","C",2009,"STD",,,4,112,0.5,112,0,3,3,6.64,2.9735,2.2,7.25343696,1.318,4.494,0.624,,4.351,82.883,109.24,,,,,,,,,,,,,2.299507819,-1.293671941,0.138322282,0.259916826,0.53217902,0.298789223,0.1,1.937,,110
"LR11","B",2009,"STD",,,4,117,0.5,115,2,2,2,6.43,3.0975,2.1485,7.20630381,1.385,4.1,0.618,,2.784,55.676,77.111,4.16,,,,,,,,,,,,2.429079141,-1.228189883,0.139104803,0.26542596,0.52408138,0.212133611,0.1,2.267,,114
"LR23","A",2009,"EXP",893,,4,129,0.5,127,2,1,1,5.09,2.554,2.073,5.531590646,1.266,1.076,0.526,,4.257,81.081,102.649,,134,6,2,89.2,36.9,4,0.362458099,-0.926187973,0.264924109,0.234577833,95.64481335,2.381398336,-1.254677912,0.149463639,0.263033499,0.568230431,0.22440065,0.1,1.246,"YES",127
"LR28","B",2009,"EXP",891,,4,133,0.5,131,2,2,2,6.8,2.933,2.087,6.438541474,1.603,2.561,0.85,,1.878,37.568,60.221,,133,6,15,88,36.9,5,0.296105476,-1.020396659,0.241484198,0.287558827,94.35811182,2.433842313,-1.207201557,0.14852062,0.267487122,0.555244001,0.210167062,0.1,,"YES",130
"LR31","A",2009,"EXP",49278,,4,133,0.5,131,2,1,1,7.12,2.9565,2.1575,6.936015078,1.816,1.978,0.962,,2.176,43.514,73.973,,,,,,,,,,,,,2.364043614,-1.264209497,0.145801256,0.262227886,0.556009729,0.219882132,0.1,2.956,,131
"LR31","C",2009,"EXP",49278,,4,133,0.5,133,0,3,3,7.12,3.1035,2.1375,7.146518676,1.451,4.46,0.644,,3.23,61.519,89.264,,,,,,,,,,,,,2.417168516,-1.241346721,0.139201135,0.264209015,0.526859898,0.224246604,0.1,2.956,,131
"MC02","A",2008,"EXP1",49287,,4,129,1,126.5,2.5,3.5,,7.1,3.053,2.23,7.651860905,1.262,4.983,0.607,170.25,3.811,72.587,91.605,6.48,135,6,0,90.5,38.6,4.5,0.334976244,-0.857441531,0.28641415,0.166492829,89.07982714,2.549187959,-1.182276536,0.163523919,0.270132779,0.605346453,0.225923495,0.1,1.786,"NO",126
"MC02","D",2008,"EXP1",49287,,4,129,1.25,126.5,2.5,1.5,,6.99,2.99,2.273,7.782327599,1.317,4.666,0.517,196.33,2.797,53.282,70.172,3.13,135,6,0,90.5,38.6,4.5,0.334976244,-0.857441531,0.28641415,0.166492829,89.07982714,2.511167826,-1.200478764,0.158830655,0.268179208,0.592255666,0.225072358,0.1,1.786,"NO",126
"PE16","D",2008,"EXP",49273,,4,124,0,123,1,4,4,6.78,3.268,2.2355,8.231176849,1.241,3.021,0.718,189.33,2.392,47.838,59.367,6.54,124,6,0,89.7,36.8,4.5,0.339333518,-0.957671428,0.254038895,0.286442132,96.67813254,2.542094489,-1.145413604,0.171787632,0.274459603,0.625912264,0.228873128,0.1,1.342,"NO",120
"PE21","A",2008,"CONT",606,,4,123,3,119.5,3.5,1.5,,5.82,2.806,2.009,5.707922616,,,,,,,,,123,1,2,95.8,40.3,3,0.321243288,-0.817067764,0.28606158,0.110270951,86.88255555,2.437016659,-1.206669316,0.152743367,0.267541343,0.570915003,0.260233255,0.1,,"YES",119
"PE24","C",2008,"STD",,,4,124,1.5,120.5,3.5,1.5,,6.31,2.0655,2.0655,6.291724745,2.858,1.612,0.723,185.67,,,,,,,,,,,,,,,,2.302332634,-1.303685171,0.136660728,0.259191603,0.527257545,0.349694007,0.1,2.763,,120
"PE27","C",2008,"EXP",634,,4,130,0.75,123,7,3.5,,6.24,2.974,2.0805,6.487941733,1.149,3.912,0.669,185.67,4.095,77.992,89.613,5.68,,,,,,,,,,,,2.249059513,-1.292827207,0.143628935,0.259979386,0.552462782,0.325867196,0.1,,,123
"PE31","A",2008,"CONT",634,,4,136,1.75,133,3,4,,5.88,2.7555,2.042,5.79085149,,,,,,,,,135,6,0,81.7,38.1,3,0.319057669,-0.893506857,0.268930266,0.230565712,82.43492897,2.299948583,-1.269049159,0.144623189,0.261829809,0.552355704,0.283933045,0.1,,"NO",130
"PE31","C",2008,"CONT",634,,4,136,3,132,4,3,,5.91,2.789,2.069,6.017277384,,,,,,,,,135,6,0,81.7,38.1,3,0.319057669,-0.893506857,0.268930266,0.230565712,82.43492897,2.22353228,-1.277782607,0.139695495,0.261129947,0.534965431,0.353326895,0.1,,"NO",130
"PE32","A",2008,"EXP",633,,4,135,1,133,2,3,,7.73,3.0435,2.275,7.939015403,1.433,5.017,0.697,170.25,3.581,68.211,97.746,7.38,135,1,2,91,38.2,4,0.343530888,-0.886624883,0.273957279,0.206217746,91.36243546,2.458128899,-1.188049943,0.165763372,0.269500389,0.615076557,0.225867155,0.1,2.528,"YES",131
"PE32","C",2008,"EXP",633,,4,135,1.75,132,3,2,,7.87,3.275,2.2945,8.689963751,1.864,5.27,0.588,187.75,3.365,64.093,,,135,1,2,91,38.2,4,0.343530888,-0.886624883,0.273957279,0.206217746,91.36243546,2.397804003,-1.234206913,0.155875654,0.264862335,0.588515745,0.255297979,0.1,2.528,"YES",131
"PE45","A",2008,"CONT",607,,3,146,2,142,4,3,,6.63,2.749,2.1915,6.654083192,,,,,,,,,124,1,0,98.2,38.1,5,0.331509845,-0.865834007,0.278154787,0.22468325,99.08335403,2.479899171,-1.201249363,0.153982902,0.268099081,0.574350726,0.250729423,0.1,,"NO",141
"PE46","A",2008,"CONT",663,,4,146,1,144.5,1.5,3.5,,6.41,2.947,2.044,6.205438206,,,,,,,,,150,5,10,86.7,38.5,1,0.244014998,-0.956570217,0.254607078,0.210203473,85.7611067,2.40240719,-1.195972809,0.157565935,0.268651897,0.586505946,0.253980029,0.1,,"YES",
"PE53","C",2008,"CONT",635,660,3,159,1,155.5,3.5,3,3,6.12,2.8425,2.054,6.04410344,,,,,,,,,136,1,0,83.7,36.9,3.5,0.33238233,-0.900356658,0.268543639,0.25312965,89.74743136,2.351518824,-1.213468386,0.159313473,0.266856019,0.597001611,0.244253649,0.1,,"NO",
"PE54","D",2008,"CONT",680,,4,159,3.5,155.5,3.5,1,,6.58,2.997,2.057,6.39125084,,,0.763,173,,,,,160,6,0,86,38.1,3.5,0.335147421,-0.919018297,0.260259595,0.283352596,86.77360944,2.318787419,-1.286371136,0.143182647,0.260464661,0.549720052,0.315329548,0.1,1.788,"NO",155
"PE58","C",2008,"CONT",617,661,3,162,2,159,3,3,,5.6,2.4875,2.0015,5.022325021,,,,,,,,,130,1,2,91.5,39.4,4.5,0.305196602,-0.842291244,0.29027449,0.169083246,86.62134799,2.412147856,-1.274668158,0.139443257,0.26137681,0.533495135,0.3315989,0.1,,"YES",157
"SF01","A",2009,"EXP",886,,4,122,0.5,122,0,1.5,,5.92,3.018,2.135,6.933388417,1.2,3.86,0.58,,3.784,75.676,90.811,8.64,125,5,20,86.28,38.6,4.5,0.330675021,-0.965344174,0.252203212,0.248583926,84.92604957,2.433532981,-1.230533045,0.143743635,0.265205045,0.542009428,0.173853422,0.1,2.021,"YES",122
"SF01","D",2009,"EXP",886,,4,123,0.5,123,0,4,4,5.1,2.858,2.057,6.09482646,0.945,3.066,0.518,,3.473,69.459,65.639,3.51,125,5,20,86.28,38.6,4.5,0.330675021,-0.965344174,0.252203212,0.248583926,84.92604957,2.493070525,-1.191484496,0.149610609,0.269129837,0.555904951,0.208952047,0.1,2.021,"YES",122
"SR01","A",2009,"EXP",879,,4,112,0.5,112,0,2.5,,5.97,2.8275,2.043,5.507407089,1.097,3.863,0.516,,3.514,63.882,70.079,4.39,115,6,1,86.6,37.5,4,0.277974517,-0.93666287,0.258434106,0.224158506,90.05444388,2.505884826,-1.20328747,0.15571099,0.267888154,0.581253733,0.208919805,0.1,2.082,"YES",112
"SR01","B",2009,"EXP",879,,4,112,0.5,112,0,2.5,,5.43,2.7705,1.986,5.747006124,1.214,3.184,0.481,,6.784,135.676,164.71,5.8,115,6,1,86.6,37.5,4,0.277974517,-0.93666287,0.258434106,0.224158506,90.05444388,2.458327498,-1.223133745,0.151009253,0.265908893,0.567898471,0.198187343,0.1,2.082,"YES",112
"SR03","B",2009,"EXP",878,,5,113,0.5,113,0,2,2,6.88,2.837,2.247,6.997698147,1.186,4.866,0.577,,4.216,76.658,90.917,,115,6,0,102.27,39.5,4,0.30483288,-0.996641117,0.249768122,0.260925891,96.35193471,2.408122795,-1.238321358,0.147713731,0.264483808,0.558498202,0.222556527,0.1,1.765,"NO",
"SU02","A",2008,"EXP",49272,,4,123,0.5,119.5,3.5,2,,6.31,3.0235,2.0475,6.388344533,1.52,3.613,0.598,183.75,3.135,59.717,90.77,3.87,123,6,0,85.9,39,3.5,0.346534153,-0.931080301,0.25911014,0.240543758,82.91193976,2.510544049,-1.203764377,0.151982996,0.267839007,0.567441603,0.260002235,0.1,2.58,"NO",119
"SU02","C",2008,"EXP",49272,,4,123,0.25,121,2,3.5,3,6.28,2.975,2.0565,6.34125086,1.464,3.554,0.656,206.67,2.662,50.708,74.236,2.36,123,6,0,85.9,39,3.5,0.346534153,-0.931080301,0.25911014,0.240543758,82.91193976,2.543081559,-1.194887346,0.154549684,0.268766831,0.575032577,0.261585938,0.1,2.58,"NO",119
"SU02","D",2008,"EXP",49272,,4,123,0,122,1,3.5,4,6.26,2.997,2.0905,6.60111993,1.329,3.921,0.619,191.25,2.243,44.865,59.625,3.08,123,6,0,85.9,39,3.5,0.346534153,-0.931080301,0.25911014,0.240543758,82.91193976,2.587350163,-1.143301267,0.15923077,0.274723121,0.579604545,0.238491178,0.1,2.58,"NO",119
"SU13","B",2008,"EXP",625,,3,134,1.25,130.5,3.5,1,1,6.2,2.7315,2.0805,6.038969252,1.178,3.839,0.766,227.33,2.419,48.378,,2.46,134,6,0,82.8,35.7,5,0.319953274,-0.802552955,0.301817285,0.218861976,94.53821357,2.343348626,-1.279443404,0.144286081,0.260999531,0.552821228,0.332700381,0.1,2.068,"NO",130
"SU17","A",2008,"EXP",802,,4,143,0.5,141.5,1.5,4,4,5.9,2.7475,2.166,6.496585255,1.423,3.809,0.518,190,,,,,143,5,10,92.7,40.7,3,0.31512383,-0.935766871,0.261153913,0.214518697,82.50818276,2.509321394,-1.218213164,0.148589527,0.266387118,0.557795467,0.237727883,0.1,2.212,"YES",139
"SU18","B",2008,"EXP",644,,4,138,0.25,134.5,3.5,4,,6.08,2.8165,2.223,7.014863383,1.2,3.582,0.566,196.25,4.257,85.135,102.162,14.71,142,6,0,80.8,36.9,5.5,0.330390792,-0.884175881,0.276891021,0.22716275,86.63790268,2.409902703,-1.204927813,0.150837156,0.267719441,0.563415026,0.208828879,0.1,2.545,"NO",136
"SU18","C",2008,"EXP",644,,4,138,0.5,134.5,3.5,2.5,,6.28,2.786,2.2105,6.86108322,1.293,3.591,0.662,190.5,3.432,65.38,84.536,8.72,142,6,0,80.8,36.9,5.5,0.330390792,-0.884175881,0.276891021,0.22716275,86.63790268,2.428583012,-1.187694305,0.159406993,0.269538999,0.591406043,0.18814136,0.1,2.545,"NO",136
"SU23","A",2008,"EXP",678,712,4,155,1,153.5,1.5,1.5,,7.36,2.9135,2.189,7.036182283,1.582,4.759,0.623,185,4.203,80.051,116.155,3.27,155,1,0,99.5,39.7,4,0.353396074,-0.955646373,0.253977364,0.280112922,92.84698022,2.279307736,-1.291301594,0.1338033,0.260092919,0.514444225,0.36440689,0.1,1.322,"NO",153
"SU23","B",2008,"EXP",678,712,4,155,0,155,0,3,,7.09,2.851,2.198,6.941976352,1.451,3.935,0.699,,2.946,58.919,91.972,2.77,155,1,0,99.5,39.7,4,0.353396074,-0.955646373,0.253977364,0.280112922,92.84698022,2.300071142,-1.287919291,0.131143756,0.260347139,0.503726512,0.375886627,0.1,1.322,"NO",153
"AE03","C",2008,"",,,4,122,2,119,3,3,,5.96,2.91,2.02,5.984477856,1.299,3.501,0.725,195.25,,,,,,,,,,,,,,,,2.330530226,-1.253348177,0.149329885,0.263148185,0.5674745,0.31139301,0.11,2.753,,117
"AE13","D",2008,"EXP",636,615,4,150,0.5,148,2,4,4,6.56,2.8235,2.137,6.498713225,1.455,4.245,0.523,243,3.797,75.946,110.501,3.86,137,1,0,100.7,37.3,6,0.386020829,-0.889829449,0.270381698,0.233903473,105.7862825,2.392589697,-1.255943067,0.136719879,0.262924907,0.519995919,0.327444278,0.11,0.523,"NO",
"EM04","C",2009,"EXP",883,,4,112,0.5,112,0,3.5,,5.01,2.77,2.113,6.233174706,1.09,3.71,0.51,,5.324,106.486,116.07,,121,6,0,82.3,38.7,5,,,,,80.61125211,2.243375374,-1.31281518,0.141800954,0.258556403,0.548433348,0.275641914,0.11,1.689,"NO",111
"EM09","A",2009,"EXP",885,,3,118,0.5,118,0,1,1,6.54,2.7535,2.2785,7.204663194,1.154,4.347,0.571,,5.108,102.162,117.895,6.67,124,5,0,79.5,37.8,5,0.312604494,-1.047148467,0.239374426,0.285055478,81.42905116,2.41061826,-1.230893817,0.151856814,0.265171194,0.572674625,0.218748146,0.11,1.171,"NO",118
"EM22","C",2009,"STD",,,4,124,0.5,124,0,3,3,5.94,3.0855,2.0655,6.634473837,1.292,1.722,0.577,,1.122,21.364,27.603,,,,,,,,,,,,,2.424685485,-1.245213229,0.138776597,0.263862163,0.525943528,0.247643167,0.11,2.118,,122
"EM26","A",2009,"EXP",895,,3,142,1.25,135,7,1,1,6.59,3.1295,2.0605,6.696544051,1.336,4.697,0.519,,5.392,107.838,139.003,,139,6,0,93.6,39.2,4.5,0.279348418,-0.975456328,0.253462631,0.194937066,89.47031919,2.496160107,-1.197349974,0.15707661,0.268506673,0.585000768,0.201374543,0.11,1.755,"NO",135
"EM26","B",2009,"EXP",895,,3,142,0.5,136,6,2,2,7.06,3.1055,2.14,7.167861691,1.454,,0.595,,4.554,91.081,121.684,,139,6,0,93.6,39.2,4.5,0.279348418,-0.975456328,0.253462631,0.194937066,89.47031919,2.452006531,-1.232135321,0.150408714,0.265055031,0.567462212,0.230677916,0.11,1.755,"NO",135
"FC15","B",2008,"STD",,,3,151,1.5,148,3,2,,6.39,2.9415,2.1105,6.603437963,1.735,3.186,0.63,231,2.378,52.853,91.7,,,,,,,,,,,,,2.403613262,-1.248944072,0.143609515,0.263532073,0.544941315,0.316039431,0.11,1.9764,,147
"FC15","C",2008,"STD",,,3,151,1,149,2,3,,6.41,2.945,2.1105,6.61129519,1.4,3.556,0.801,221,,,,,,,,,,,,,,,,2.386476112,-1.259690512,0.137303144,0.262606242,0.522847981,0.3464845,0.11,1.9764,,147
"FC16","B",2008,"CONT",668,,3,153,4,148,5,2,,6.83,2.9205,2.128,6.665473318,,,,,,,,,153,1,0,82.6,37.4,4.5,0.324784958,-0.89612928,0.265089346,0.284718746,86.33177465,2.29723509,-1.270150704,0.144250334,0.261740228,0.551120229,0.343056336,0.11,,"NO",147
"FC16","C",2008,"CONT",668,,3,153,2.5,149,4,3,,6.55,2.7905,2.1065,6.240731389,,,,,,,,,153,1,0,82.6,37.4,4.5,0.324784958,-0.89612928,0.265089346,0.284718746,86.33177465,2.324533393,-1.243161293,0.148028933,0.264045631,0.560618756,0.320408215,0.11,,"NO",147
"FC18","D",2008,"EXP",602,700,4,147,1,145,2,3,,7.13,3.0975,2.2085,7.614417028,1.408,2.01,0.89,,4.095,77.992,109.813,35.51,119,6,0,83.8,39,5,,,,,80.88498896,2.39425353,-1.286102435,0.137859081,0.260485133,0.529239727,0.328413414,0.11,3.004,"NO",143
"FC21","B",2008,"EXP",822,726,4,155,1.5,153,2,2,,6.49,2.8005,2.175,6.677050118,1.526,4.002,0.736,220,2.095,41.892,63.927,,158,1,0,80.8,40.1,3,0.331085078,-1.002255946,0.247275531,0.200635872,73.97478611,2.230196885,-1.323435748,0.133771949,0.257848376,0.518800818,0.369716424,0.11,1.798,"NO",
"FC21","C",2008,"EXP",822,726,4,155,1.25,153,2,3,,6.86,2.8055,2.1945,6.80944913,1.638,4.241,0.577,207.33,2.784,53.024,86.854,3.07,158,1,0,80.8,40.1,3,0.331085078,-1.002255946,0.247275531,0.200635872,73.97478611,2.328080485,-1.29388507,0.136233435,0.259901076,0.524174185,0.347634065,0.11,1.798,"NO",
"HX03","D",2008,"EXP",18895,,4,133,1.5,128,5,1,,6.79,3.2045,2.1715,7.615711432,1.537,4.285,0.715,195.25,6.338,126.757,194.825,2.67,133,6,2,79.2,37.9,5,0.294603134,-0.878794372,0.277323253,0.252651203,80.71557556,2.531912573,-1.155519673,0.178559594,0.273222628,0.653531502,0.181505779,0.11,2.22,"YES",128
"LP02","A",2008,"EXP",49268,,4,120,1.5,117,3,2,,6.55,2.905,2.1385,6.695687596,,,,,,,,,,,,,,,,,,,,2.393468551,-1.267022191,0.137584581,0.261995639,0.525140727,0.312330578,0.11,,,116
"LP02","D",2008,"EXP",49268,,4,120,2,116,4,1,,6.42,2.8435,2.1655,6.720477713,,,,,,,,,,,,,,,,,,,,2.313367566,-1.290069458,0.131958052,0.260185126,0.507169851,0.317742825,0.11,,,116
"LP06","D",2008,"EXP",49280,,4,128,0.5,127,1,4,4,7.54,3.1915,2.2825,8.38005671,1.465,3.993,0.344,184.25,,,,,128,6,5,90.5,38.3,3.5,0.254555243,-0.901574679,0.270212923,0.222461895,90.41022998,2.532275488,-1.175818103,0.160513202,0.270854454,0.592617916,0.242864627,0.11,1.672,"YES",124
"LP19","B",2008,"EXP",643,,4,141,2,137.5,3.5,2,2,5.18,2.6845,1.937,5.076369033,1.43,2.366,0.5,273.33,,,,,141,6,0,95.8,38,4,0.321340122,-0.887896558,0.271152031,0.22958432,97.14564605,2.297884655,-1.313237893,0.127993274,0.25852759,0.495085549,0.325663152,0.11,2.409,"NO",137
"LP19","C",2008,"EXP",643,,4,141,1,139.5,1.5,3,,6.44,2.879,2.103,6.417276421,1.394,3.641,0.753,169.33,3.851,77.027,107.376,9.93,141,6,0,95.8,38,4,0.321340122,-0.887896558,0.271152031,0.22958432,97.14564605,2.394066363,-1.230924879,0.152663888,0.265168281,0.575724544,0.233365678,0.11,2.409,"NO",137
"LP28","C",2008,"EXP",49266,,4,146,0.5,144,2,4,,6.79,2.968,2.1615,6.988837019,1.35,4.004,0.552,160.33,4.73,90.09,121.622,4.25,120,6,1,93.9,37.5,2.5,0.24585339,-0.951570118,0.259556728,0.230025875,97.64563834,2.488425239,-1.19968719,0.154869533,0.268261732,0.577307586,0.213591464,0.11,2.143,"YES",141
"LR11","D",2009,"STD",,,4,117,0.5,117,0,4,4,6.32,3.149,2.2525,8.052538249,1.34,4.05,0.68,,3.581,68.211,91.403,6.02,,,,,,,,,,,,2.316003582,-1.289891116,0.131329252,0.260198511,0.504727147,0.217707861,0.11,2.267,,114
"LR24","D",2009,"EXP",49278,,4,123,0.5,123,0,4,4,7.05,3.1375,2.288,8.278016947,1.442,4.411,0.604,,2.73,54.595,78.725,3.12,,,,,,,,,,,,2.498963823,-1.207672576,0.143979053,0.267439219,0.538361775,0.236075281,0.11,0.604,,
"LR30","B",2009,"EXP",894,,3,133,0.5,132,1,2,2,6.35,2.767,2.1,6.15004488,1.051,,0.852,,4.338,91.323,,,138,1,0,90.2,38.2,2,0.298472201,-0.986304199,0.247988266,0.157680896,90.55924921,2.385189311,-1.239600295,0.148129553,0.264367277,0.560317278,0.20308127,0.11,1.874,"NO",131
"PE17","C",2008,"CONT",609,,3,125,3,122,3,2,2,5.11,3.2365,2.3085,8.692924458,,,,,,,,,126,5,0,85.6,37.9,3,0.318579186,-0.891785609,0.275809328,0.197234676,87.23804631,2.393723719,-1.232887913,0.150209934,0.264984862,0.566862321,0.298558348,0.11,,"NO",
"PE21","B",2008,"CONT",606,,4,123,3,119.5,3.5,1.5,,5.55,2.649,1.9355,5.001483565,,,,198.67,,,,,123,1,2,95.8,40.3,3,0.321243288,-0.817067764,0.28606158,0.110270951,86.88255555,2.28982138,-1.284321376,0.13857351,0.260621386,0.531704293,0.311942429,0.11,,"YES",119
"PE21","C",2008,"CONT",606,,4,123,1,121.5,1.5,3,,5.47,2.675,1.942,5.084552945,,,,154,,,,,123,1,2,95.8,40.3,3,0.321243288,-0.817067764,0.28606158,0.110270951,86.88255555,2.36359628,-1.258818089,0.144224505,0.26268003,0.54905013,0.296545015,0.11,,"YES",119
"PE24","A",2008,"STD",,,4,124,0.75,122.5,1.5,3.5,,6.55,2.1395,2.1395,6.490732367,1.494,3.781,0.544,208.33,,,,,,,,,,,,,,,,2.34229405,-1.265801872,0.143233853,0.262096097,0.546493651,0.332527235,0.11,2.763,,120
"PE24","B",2008,"STD",,,4,124,1,122.5,1.5,3.5,,6.53,2.1185,2.1185,6.134549946,1.55,3.515,0.752,209.67,,,,,,,,,,,,,,,,2.297069068,-1.28654156,0.139899285,0.260451688,0.537141017,0.328374823,0.11,2.763,,120
"PE24","D",2008,"STD",,,4,124,1,120.5,3.5,1.5,,6.39,2.078,2.078,5.394835026,1.485,3.525,0.744,201,,,,,,,,,,,,,,,,2.265989851,-1.294093839,0.139832809,0.259885661,0.538055115,0.347027976,0.11,2.763,,120
"PE27","D",2008,"EXP",634,,4,130,0.75,123,7,3.5,,6.58,2.9805,2.1095,6.684650754,1.299,4.235,0.743,204.33,3.446,68.919,89.526,7.86,,,,,,,,,,,,2.271720606,-1.285880121,0.1395345,0.260502087,0.535636781,0.329274657,0.11,,,123
"PE29","D",2008,"EXP",618,,4,130,1,128,2,4,,7.4,3.1265,2.266,8.091122576,1.428,4.541,0.647,241.5,,,,,130,5,0,89.2,37.1,3.5,0.35612322,-0.887303821,0.269243624,0.22736128,94.66753991,2.341707142,-1.251007464,0.152637599,0.26335144,0.579596598,0.333935774,0.11,1.974,"NO",125
"PE31","B",2008,"CONT",634,,4,136,4,130,6,1,,5.63,2.771,2.0255,5.729695697,,,,,,,,,135,6,0,81.7,38.1,3,0.319057669,-0.893506857,0.268930266,0.230565712,82.43492897,2.284585547,-1.264275851,0.141931602,0.262222379,0.54126426,0.313537545,0.11,,"NO",130
"PE31","D",2008,"CONT",634,,4,136,4,131,5,2,,5.68,2.7805,2.0525,5.903638652,,,,,,,,,135,6,0,81.7,38.1,3,0.319057669,-0.893506857,0.268930266,0.230565712,82.43492897,2.27457025,-1.253319144,0.144645882,0.263150695,0.549669389,0.312813987,0.11,,"NO",130
"PE32","B",2008,"EXP",633,,4,135,3,131,4,1,,7.5,3.1385,2.2195,7.792251624,2.275,3.765,0.681,173.5,,,,,135,1,2,91,38.2,4,0.343530888,-0.886624883,0.273957279,0.206217746,91.36243546,2.383489054,-1.242040786,0.151360628,0.264146395,0.573017959,0.279591143,0.11,2.528,"YES",131
"PE32","D",2008,"EXP",633,,4,135,0.5,134,1,4,,7.75,3.115,2.2915,8.243816394,1.46,5.397,0.562,185,3.595,71.892,104.962,5.01,135,1,2,91,38.2,4,0.343530888,-0.886624883,0.273957279,0.206217746,91.36243546,2.400321751,-1.220413542,0.159575654,0.266172257,0.599520236,0.238477498,0.11,2.528,"YES",131
"PE51","C",2008,"",,,3,162,2.7,157,5,1,,6.39,2.8285,2.105,6.316709723,,,0.65,,,,,,,,,,,,,,,,,2.244403489,-1.306055625,0.130049907,0.259024308,0.502076071,0.361593956,0.11,1.897,,157
"PE54","A",2008,"CONT",680,,4,159,2.5,157,2,3,3,6.56,2.8795,2.08,6.278765875,,,0.52,164,,,,,160,6,0,86,38.1,3.5,0.335147421,-0.919018297,0.260259595,0.283352596,86.77360944,2.372387185,-1.25648439,0.150559705,0.262878599,0.572734735,0.287004428,0.11,1.788,"NO",155
"PE54","B",2008,"CONT",680,,4,159,2,158,1,4,4,6.38,2.789,2.039,5.844044339,,,0.505,168,,,,,160,6,0,86,38.1,3.5,0.335147421,-0.919018297,0.260259595,0.283352596,86.77360944,2.397024449,-1.238341248,0.146059156,0.264481991,0.55224613,0.293613119,0.11,1.788,"NO",155
"PE58","B",2008,"CONT",617,661,3,162,3.75,157,5,1,,6.66,3.001,2.1415,6.936376997,,,,,,,,,130,1,2,91.5,39.4,4.5,0.305196602,-0.842291244,0.29027449,0.169083246,86.62134799,2.379986907,-1.271709037,0.134197585,0.261614147,0.51295997,0.340063171,0.11,,"YES",157
"SR03","C",2009,"EXP",878,,5,113,0.5,113,0,3,3,6.86,2.7845,2.233,7.046670484,1.101,4.935,0.57,,5.054,96.268,105.991,,115,6,0,102.27,39.5,4,0.30483288,-0.996641117,0.249768122,0.260925891,96.35193471,2.454175892,-1.227445915,0.140608632,0.265496484,0.529606381,0.250293037,0.11,1.765,"NO",
"SU02","B",2008,"EXP",49272,,4,123,0.75,119.5,3.5,1,,6.5,3.0995,2.078,6.745486284,1.603,3.289,0.707,203.5,3.392,67.838,108.744,3.12,123,6,0,85.9,39,3.5,0.346534153,-0.931080301,0.25911014,0.240543758,82.91193976,2.555043694,-1.18221176,0.150572249,0.270139942,0.557386101,0.265023915,0.11,2.58,"NO",119
"SU07","A",2008,"EXP",49274,49276,4,120,2,116,4,1,,6.64,2.986,2.2165,7.393597615,1.59,3.975,0.931,218,1.595,30.373,,,124,6,0,85.6,37,3.5,0.329569636,-0.844145062,0.28449901,0.21144121,91.31395518,2.22019828,-1.303771898,0.142268089,0.259185453,0.548904608,0.334492055,0.11,3.267,"NO",116
"SU07","B",2008,"EXP",49274,49276,4,120,1,118,2,3,,6.8,3.124,2.1495,7.274722987,1.588,4.207,0.706,179.5,2.622,49.936,79.298,7.48,124,6,0,85.6,37,3.5,0.329569636,-0.844145062,0.28449901,0.21144121,91.31395518,2.175725608,-1.308619074,0.14444003,0.258845271,0.558016876,0.350504384,0.11,3.267,"NO",116
"SU17","C",2008,"EXP",802,,4,143,1.75,139.5,3.5,1.5,,6.12,2.7805,2.1305,6.3608699,1.717,3.013,0.557,216,,,,,143,5,10,92.7,40.7,3,0.31512383,-0.935766871,0.261153913,0.214518697,82.50818276,2.454095311,-1.230810044,0.150817297,0.26517905,0.5687376,0.233162017,0.11,2.212,"YES",139
"SU18","A",2008,"EXP",644,,4,138,0.75,136.5,1.5,2.5,,6.06,2.876,2.2705,7.472439898,1.297,3.745,0.685,235.5,2.568,51.351,66.603,6.86,142,6,0,80.8,36.9,5.5,0.330390792,-0.884175881,0.276891021,0.22716275,86.63790268,2.326448904,-1.233235163,0.147966576,0.264952549,0.558464438,0.187698772,0.11,2.545,"NO",136
"SU18","D",2008,"EXP",644,,4,138,1,136.5,1.5,1,,6.02,2.8075,2.2495,7.160152899,1.244,3.885,0.632,212,3.122,59.459,73.968,10.1,142,6,0,80.8,36.9,5.5,0.330390792,-0.884175881,0.276891021,0.22716275,86.63790268,2.400863786,-1.192679065,0.15939592,0.269001938,0.592545619,0.20628027,0.11,2.545,"NO",136
"AE04","B",2008,"CONT",638,637,4,125,3,121,4,1.5,,6.01,3.077,1.988,6.129016532,1.903,2.77,0.817,192.75,,,,,137,1,0,80.8,37.7,2.5,0.348497201,-0.928887469,0.261356069,0.260959748,83.17818905,2.360040832,-1.256726605,0.147775698,0.262857909,0.562188514,0.313972096,0.12,2.25,"NO",121
"AE07","A",2008,"EXP",645,,4,138,1,135,3,1,1,6.07,2.8185,2.065,6.057433954,1.487,3.834,0.55,215,3.338,66.757,99.267,4.81,143,5,0,87.8,40.4,3.5,0.306089292,-0.89993803,0.268939227,0.173677284,79.25315999,2.340445784,-1.29028267,0.138058459,0.260169138,0.53064887,0.317351213,0.12,2.438,"NO",135
"AE07","C",2008,"EXP",645,,4,138,1,136.5,1.5,2.5,,6.76,2.974,2.16,6.993249178,1.596,4.259,0.599,208.5,2.946,58.919,94.035,10.92,143,5,0,87.8,40.4,3.5,0.306089292,-0.89993803,0.268939227,0.173677284,79.25315999,2.344751799,-1.258664338,0.148569615,0.26269306,0.565563535,0.288020594,0.12,2.438,"NO",135
"AE12","D",2008,"CONT",629,,4,153,1,147,6,4,,,2.9105,2.01,5.926390369,,,,,,,,,135,1,0,77.5,36.7,2.5,0.297663991,-0.822581615,0.296049191,0.156982315,83.96201366,2.118237653,-1.314365044,0.138176232,0.25845102,0.53463218,0.273761676,0.12,,"NO",
"DA03","D",2009,"EXP",882,,4,119,0.5,118,1,3.5,,6.16,3.13,2.066,6.733416957,1.098,3.999,0.589,,3.324,66.486,73.002,,121,5,1,85.71,37.7,3,0.282324793,-0.982444371,0.250958498,0.304323795,88.23270524,2.472369743,-1.188539842,0.156168124,0.269447278,0.579586943,0.208868412,0.12,2.314,"YES",119
"EM04","A",2009,"EXP",883,,4,112,0.5,112,0,3.5,,5.72,2.945,2.447,8.887585143,1.192,3.772,0.509,,5.446,103.732,123.649,,121,6,0,82.3,38.7,5,,,,,80.61125211,2.35236839,-1.266988332,0.150037652,0.261998421,0.572666246,0.25525254,0.12,1.689,"NO",111
"EM04","B",2009,"EXP",883,,4,112,1,111,1,1.5,,5.6,2.8415,2.2715,7.389306469,1.146,3.148,0.67,,3.622,80.48,92.231,,121,6,0,82.3,38.7,5,,,,,80.61125211,2.446684455,-1.246761619,0.145466118,0.263724622,0.551583377,0.265594047,0.12,1.689,"NO",111
"EM26","C",2009,"EXP",895,,3,142,0.5,137,5,3,3,7.25,3.091,2.1805,7.406989407,1.259,4.144,0.641,,3.878,77.568,112.783,,139,6,0,93.6,39.2,4.5,0.279348418,-0.975456328,0.253462631,0.194937066,89.47031919,2.419511632,-1.225514391,0.153631227,0.265680442,0.578255689,0.233764608,0.12,1.755,"NO",135
"FC15","A",2008,"STD",,,3,151,2,147,4,1,1,6.18,2.899,2.0555,6.173247853,1.226,3.85,0.5454,212,,,,,,,,,,,,,,,,2.407104618,-1.252738055,0.144271833,0.263200996,0.54814319,0.301841959,0.12,1.9764,,147
"FC16","A",2008,"CONT",668,,3,153,4.5,147,6,1,,6.78,2.8715,2.144,6.652561822,,,,,,,,,153,1,0,82.6,37.4,4.5,0.324784958,-0.89612928,0.265089346,0.284718746,86.33177465,2.312109138,-1.278920011,0.140288517,0.261040539,0.537420424,0.344172133,0.12,,"NO",147
"FC18","A",2008,"EXP",602,700,4,147,2,144,3,2,,6.81,2.9275,2.1465,6.798126251,1.462,4.066,0.733,199.33,5.081,101.622,148.571,,119,6,0,83.8,39,5,,,,,80.88498896,2.472367552,-1.269246373,0.143078592,0.261813743,0.54649,0.285340015,0.12,3.004,"NO",143
"FC18","C",2008,"EXP",602,700,4,147,0.5,146,1,4,,6.82,2.9765,2.174,7.090151299,1.416,3.975,0.667,228.33,2.581,51.622,73.096,25.88,119,6,0,83.8,39,5,,,,,80.88498896,2.373138708,-1.279339216,0.142159113,0.261007688,0.544654889,0.317462792,0.12,3.004,"NO",143
"FC21","D",2008,"EXP",822,726,4,155,1,153,2,4,,6.48,2.7675,2.1295,6.32518824,1.362,4.328,0.485,204,4.068,81.351,110.801,3.23,158,1,0,80.8,40.1,3,0.331085078,-1.002255946,0.247275531,0.200635872,73.97478611,2.289151656,-1.324096592,0.12660051,0.257805409,0.491070031,0.361511988,0.12,1.798,"NO",
"LP06","B",2008,"EXP",49280,,4,128,1,125.5,2.5,2.5,,7.41,3.163,2.257,8.120688401,1.075,2.145,0.619,,,,,,128,6,5,90.5,38.3,3.5,0.254555243,-0.901574679,0.270212923,0.222461895,90.41022998,2.554223201,-1.16208893,0.167189931,0.272439388,0.613677532,0.255622584,0.12,1.672,"YES",124
"LR06","A",2009,"EXP",880,,4,113,0.5,113,0,1,1,7.23,3.1865,2.312,8.584601083,1.264,1.058,0.592,,3.635,69.241,87.52,4.31,115,6,0,94.4,37.8,3,0.281580965,-0.939914126,0.258077911,0.26225733,96.6905966,2.251948939,-1.288398959,0.144800682,0.260310874,0.556260594,0.216597779,0.12,1.876,"NO",113
"LR07","A",2009,"STD",,,4,112,0.5,110,2,1,1,6.7,2.975,2.3505,8.283960465,1.313,4.482,0.67,,4.608,87.773,115.247,,,,,,,,,,,,,2.39666945,-1.264060621,0.140396559,0.262240248,0.535373805,0.299782,0.12,1.937,,110
"LR11","A",2009,"STD",,,4,117,0.5,114,3,1,1,6.54,3.1655,2.186,7.623829402,1.457,3.678,0.496,,2.932,55.856,81.382,7.36,,,,,,,,,,,,2.4354321,-1.224607978,0.149173853,0.265767199,0.5612952,0.194915354,0.12,2.267,,114
"LR26","B",2009,"EXP",889,,4,129,0.5,127,2,2,2,6.72,3.021,2.1,6.71459544,1.417,1.825,1.145,,1.595,31.892,,,132,5,1,85.1,39.2,4,0.326199669,-0.979110167,0.247788667,0.257779248,81.34534362,2.443528976,-1.202877863,0.154470607,0.267930429,0.576532525,0.20481383,0.12,3.122,"YES",126
"LR30","A",2009,"EXP",894,,3,133,0.5,131,2,1,1,6.18,2.7445,2.0935,6.062331797,1.274,2.833,1.022,,4.892,93.179,,,138,1,0,90.2,38.2,2,0.298472201,-0.986304199,0.247988266,0.157680896,90.55924921,2.306912113,-1.293902141,0.128221371,0.259899815,0.493349221,0.239362777,0.12,1.874,"NO",131
"LR31","B",2009,"EXP",49278,,4,133,0.5,132,1,2,2,7,3.0715,2.109,6.885479912,1.511,3.949,0.613,,2.311,46.216,70.11,,,,,,,,,,,,,2.415731701,-1.237571638,0.144046549,0.264552367,0.544491626,0.21987795,0.12,2.956,,131
"MC02","B",2008,"EXP1",49287,,4,129,1.25,126.5,2.5,1.5,,6.98,3.0625,2.1945,7.433233991,1.312,4.634,0.613,177.33,2.486,47.362,62.138,3.02,135,6,0,90.5,38.6,4.5,0.334976244,-0.857441531,0.28641415,0.166492829,89.07982714,2.504415473,-1.211239136,0.157371865,0.267078973,0.589233449,0.24550282,0.12,1.786,"NO",126
"PE12","A",2008,"EXP",601,613,4,119,1,117.5,1.5,3.5,,6.66,2.9515,2.141,6.818779685,1.47,3.999,0.802,215.67,4.351,87.027,127.93,5.63,119,6,0,84,37,2.5,0.283220981,-0.941312702,0.256958379,0.195819884,89.60715228,2.424359084,-1.216065851,0.154528859,0.266598378,0.579631653,0.306898366,0.12,2.035,"NO",115
"PE12","C",2008,"EXP",601,613,4,119,1,115.5,3.5,1.5,,6.27,2.8365,2.046,5.984454689,,,0.657,218,,,,,119,6,0,84,37,2.5,0.283220981,-0.941312702,0.256958379,0.195819884,89.60715228,2.389370456,-1.226910731,0.148655365,0.26554733,0.559807416,0.312021744,0.12,2.035,"NO",115
"PE17","A",2008,"CONT",609,,3,125,2,123,2,3,3,5.34,3.259,2.3175,8.821742615,,,0.586,,,,,,126,5,0,85.6,37.9,3,0.318579186,-0.891785609,0.275809328,0.197234676,87.23804631,2.373448597,-1.238253055,0.154809203,0.264490046,0.585312019,0.263615305,0.12,,"NO",
"PE27","A",2008,"EXP",634,,4,130,1,123,7,1.5,,6.56,3.0985,2.135,7.118324722,1.372,4.165,0.593,211.33,4.757,95.135,130.525,5.12,,,,,,,,,,,,2.204751742,-1.304964796,0.140933254,0.259101086,0.543931546,0.321618112,0.12,,,123
"PE51","B",2008,"",,,3,162,2.5,158,4,2,,7.06,2.9765,2.095,6.584222188,,,0.595,164,,,,,,,,,,,,,,,,2.204016697,-1.299416968,0.136778859,0.259497057,0.52709214,0.340363074,0.12,1.897,,157
"SR01","D",2009,"EXP",879,,4,113,1,112,1,4,4,5.62,,,5.947985256,1.08,3.478,0.525,,2.757,58.037,62.68,4.41,115,6,1,86.6,37.5,4,0.277974517,-0.93666287,0.258434106,0.224158506,90.05444388,2.373214279,-1.300090276,0.138317522,0.25944851,0.533121282,0.267894105,0.12,2.082,"YES",112
"SU07","C",2008,"EXP",49274,49276,4,120,0.5,118,2,4,,5.85,3.133,2.0215,6.45265466,1.007,3.61,0.86,195,1.216,24.324,24.495,2.2,124,6,0,85.6,37,3.5,0.329569636,-0.844145062,0.28449901,0.21144121,91.31395518,2.120782536,-1.315916346,0.140402316,0.258346247,0.543465671,0.341709307,0.12,3.267,"NO",116
"SU07","D",2008,"EXP",49274,49276,4,120,1.25,118,2,2,,6.14,3.186,2.0655,6.850569971,1.578,3.393,0.77,190.75,1.162,23.243,36.678,,124,6,0,85.6,37,3.5,0.329569636,-0.844145062,0.28449901,0.21144121,91.31395518,2.025132699,-1.334811769,0.136693628,0.257126354,0.531620451,0.341541637,0.12,3.267,"NO",116
"SU13","A",2008,"EXP",625,,3,134,1,130.5,3.5,2,2,6.45,2.795,2.0705,6.481615304,1.984,3.342,0.526,228,1.716,34.324,,,134,6,0,82.8,35.7,5,0.319953274,-0.802552955,0.301817285,0.218861976,94.53821357,2.351558782,-1.257235062,0.150594019,0.262814538,0.573004906,0.310404476,0.12,2.068,"NO",130
"SU13","C",2008,"EXP",625,,3,134,0.25,132,2,3,3,6.29,2.8165,2.0845,5.958914877,1.271,3.983,0.776,224.5,2.946,56.113,71.32,4.15,134,6,0,82.8,35.7,5,0.319953274,-0.802552955,0.301817285,0.218861976,94.53821357,2.402603737,-1.225390486,0.156848512,0.265692286,0.590338975,0.293598659,0.12,2.068,"NO",130
"SU17","D",2008,"EXP",802,,4,143,1.75,139.5,3.5,1.5,,6.31,2.9185,2.145,6.767758097,1.728,3.323,0.653,204,,,,,143,5,10,92.7,40.7,3,0.31512383,-0.935766871,0.261153913,0.214518697,82.50818276,2.487861813,-1.166287168,0.174844721,0.271947322,0.64293599,0.18216317,0.12,2.212,"YES",139
"AE05A","D",2008,"CONT",629,,4,132,1,131,1,3.5,,6.3,3.0425,2.134,6.98312721,,,,,,,,,135,1,0,77.5,36.7,2.5,0.297663991,-0.822581615,0.296049191,0.156982315,83.96201366,2.276903664,-1.263486905,0.142591786,0.262287953,0.543645961,0.329063412,0.13,,"NO",
"LP02","C",2008,"EXP",49268,,4,120,1,118.5,1.5,3.5,,6.67,2.984,2.1495,6.948711074,,,,,,,,,,,,,,,,,,,,2.383671819,-1.270065327,0.139218513,0.261747158,0.531881661,0.303557149,0.13,,,116
"LP06","A",2008,"EXP",49280,,4,128,2,124,4,1,,7.33,3.2685,2.155,7.650213839,,1.984,0.709,208,,,,,128,6,5,90.5,38.3,3.5,0.254555243,-0.901574679,0.270212923,0.222461895,90.41022998,2.566130627,-1.124301456,0.18035209,0.277172256,0.650685941,0.195404494,0.13,1.672,"YES",124
"LP29","C",2008,"CONT",49261,19406,3,155,4.5,150.5,4.5,2.5,,6.18,3.012,2.482,9.351667528,,,,,,,,,,,,,,,,,,,,2.522244391,-1.178330083,0.159683877,0.270571962,0.590171559,0.214103288,0.13,,,
"LR06","B",2009,"EXP",880,,4,113,0.5,113,0,2,2,7.17,3.203,2.216,7.927330909,1.247,4.793,0.732,,3.257,62.033,77.356,8.08,115,6,0,94.4,37.8,3,0.281580965,-0.939914126,0.258077911,0.26225733,96.6905966,2.30362406,-1.262920666,0.147939196,0.262335138,0.563932066,0.20817379,0.13,1.876,"NO",113
"LR26","A",2009,"EXP",889,,4,129,0.5,126,3,1,1,6.47,2.9215,2.073,6.327541923,1.32,3.064,1.13,,1.486,29.73,,,132,5,1,85.1,39.2,4,0.326199669,-0.979110167,0.247788667,0.257779248,81.34534362,2.429282119,-1.217243868,0.147370334,0.266482287,0.553021125,0.210096809,0.13,3.122,"YES",126
"LR26","C",2009,"EXP",889,,4,129,0.5,128,1,3,3,6.61,2.8735,2.122,6.521274736,1.712,1.378,0.847,,1.568,30.587,,,132,5,1,85.1,39.2,4,0.326199669,-0.979110167,0.247788667,0.257779248,81.34534362,2.3347591,-1.261372274,0.146224759,0.262464681,0.557121661,0.226191734,0.13,3.122,"YES",126
"PE12","B",2008,"EXP",601,613,4,119,1,117.5,1.5,3.5,,6.39,2.8545,2.1025,6.359640886,1.522,3.879,0.576,210.33,3.973,75.676,115.178,3.72,119,6,0,84,37,2.5,0.283220981,-0.941312702,0.256958379,0.195819884,89.60715228,2.377497335,-1.239047512,0.149143061,0.264417578,0.564043668,0.314943402,0.13,2.035,"NO",115
"PE16","A",2008,"EXP",49273,,4,124,0.5,120,4,1,1,6.69,3.1025,2.1505,7.23138061,1.059,4.216,0.624,232.67,3.784,75.676,80.141,,124,6,0,89.7,36.8,4.5,0.339333518,-0.957671428,0.254038895,0.286442132,96.67813254,2.548481406,-1.159428189,0.16866854,0.272754664,0.618389208,0.240068943,0.13,1.342,"NO",120
"PE29","A",2008,"EXP",618,,4,130,2,127,3,3,,7.45,3.097,2.1715,7.360230396,1.658,3.968,0.692,197,,,,,130,5,0,89.2,37.1,3.5,0.35612322,-0.887303821,0.269243624,0.22736128,94.66753991,2.339505476,-1.239706042,0.153545009,0.264357666,0.580822985,0.321796557,0.13,1.974,"NO",125
"PE29","B",2008,"EXP",618,,4,130,2.25,125.5,4.5,1.5,,6.85,3.2045,2.0705,6.923748468,2.417,2.905,0.635,222.5,,,,,130,5,0,89.2,37.1,3.5,0.35612322,-0.887303821,0.269243624,0.22736128,94.66753991,2.230593806,-1.300363969,0.142275764,0.259428815,0.548419279,0.389088965,0.13,1.974,"NO",125
"PE45","B",2008,"CONT",607,,3,146,3.5,141,5,1.5,,7.05,2.833,2.1955,6.88246472,,,,,,,,,124,1,0,98.2,38.1,5,0.331509845,-0.865834007,0.278154787,0.22468325,99.08335403,2.436892116,-1.206840738,0.152392169,0.267523869,0.569639523,0.265340998,0.13,,"NO",141
"SR01","C",2009,"EXP",879,,4,112,1,112,0,1,,5.53,2.778,2.026,7.378904489,1.078,3.405,0.56,,5.486,115.505,124.514,5.56,115,6,1,86.6,37.5,4,0.277974517,-0.93666287,0.258434106,0.224158506,90.05444388,2.497569955,-1.213272154,0.143640676,0.266875577,0.538230878,0.228952871,0.13,2.082,"YES",112
"EM08","D",2009,"EXP",881,,4,118,0.5,118,0,4,4,5.95,2.958,2.2935,7.841988391,1.07,3.7,0.78,,5.446,108.919,116.543,21.92,120,5,1,97.47,39.1,2,0.220232564,-0.95279244,0.259469865,0.156363576,93.62283595,2.532330434,-1.187502493,0.155437842,0.269559842,0.576635752,0.239167532,0.14,0.78,"YES",
"LP02","B",2008,"EXP",49268,,4,120,1,118.5,1.5,3.5,,6.85,3.0525,2.164,7.20444818,,,,,,,,,,,,,,,,,,,,2.37056899,-1.286738567,0.135242786,0.260436703,0.519292344,0.32248925,0.14,,,116
"EM18","D",2009,"STD",,,4,121,0.5,121,0,4,4,7.19,3.068,2.2395,7.755111124,1.494,,0.702,,3.081,61.622,92.063,,,,,,,,,,,,,2.456324184,-1.196859069,0.160080689,0.268558363,0.596074116,0.203826019,0.15,0.702,,
"FC22","B",2008,"CONT",645,719,2,162,4.5,157,5,2,2,7.06,2.9225,2.218,7.246163681,,,,,,,,,143,5,0,87.8,40.4,3.5,0.306089292,-0.89993803,0.268939227,0.173677284,79.25315999,2.172735666,-1.31313367,0.139908841,0.258534689,0.541160807,0.340964517,0.15,,"NO",
"PE21","D",2008,"CONT",606,,4,123,0.5,122.5,0.5,4,,5.54,2.5275,1.9665,4.926172349,0.958,2.019,1.779,167,3.149,59.974,57.455,,123,1,2,95.8,40.3,3,0.321243288,-0.817067764,0.28606158,0.110270951,86.88255555,2.41618517,-1.243476177,0.144963656,0.264017387,0.549068596,0.301667256,0.15,,"YES",119
